ORIGIN,DEST,COUNT
AK,AK,22611.0
AK,AZ,238.0
AK,CA,494.0
AK,CO,525.0
AK,GA,145.0
AK,HI,305.0
AK,IL,756.0
AK,MN,655.0
AK,NJ,92.0
AK,NV,100.0
AK,OR,387.0
AK,TX,363.0
AK,UT,186.0
AK,WA,11297.0
AL,AR,1.0
AL,CO,1506.0
AL,FL,1346.0
AL,GA,8009.0
AL,IL,1479.0
AL,IN,4.0
AL,MD,324.0
AL,MI,383.0
AL,NC,2811.0
AL,NV,106.0
AL,NY,479.0
AL,PA,479.0
AL,TX,6648.0
AL,VA,2397.0
AR,AL,1.0
AR,AZ,52.0
AR,CA,367.0
AR,CO,1219.0
AR,FL,998.0
AR,GA,3421.0
AR,IL,2570.0
AR,MN,176.0
AR,MO,536.0
AR,NC,2025.0
AR,NJ,63.0
AR,NV,332.0
AR,NY,899.0
AR,TN,69.0
AR,TX,8133.0
AR,VA,598.0
AZ,AK,237.0
AZ,AR,52.0
AZ,AZ,8151.0
AZ,CA,44077.0
AZ,CO,12175.0
AZ,FL,3410.0
AZ,GA,3611.0
AZ,HI,2941.0
AZ,IA,1322.0
AZ,ID,2269.0
AZ,IL,8364.0
AZ,IN,1443.0
AZ,KS,247.0
AZ,KY,472.0
AZ,LA,482.0
AZ,MA,1514.0
AZ,MD,699.0
AZ,MI,2318.0
AZ,MN,3091.0
AZ,MO,3623.0
AZ,MT,542.0
AZ,NC,2567.0
AZ,ND,821.0
AZ,NE,1480.0
AZ,NJ,2325.0
AZ,NM,3083.0
AZ,NV,8319.0
AZ,NY,2197.0
AZ,OH,1672.0
AZ,OK,2063.0
AZ,OR,4360.0
AZ,PA,2401.0
AZ,SD,888.0
AZ,TN,2005.0
AZ,TX,21003.0
AZ,UT,6234.0
AZ,VA,1437.0
AZ,WA,8207.0
AZ,WI,1625.0
AZ,WY,104.0
CA,AK,498.0
CA,AR,367.0
CA,AZ,43943.0
CA,CA,202140.0
CA,CO,38884.0
CA,CT,289.0
CA,FL,13134.0
CA,GA,11279.0
CA,HI,30801.0
CA,IA,261.0
CA,ID,6973.0
CA,IL,20890.0
CA,IN,958.0
CA,KS,18.0
CA,KY,580.0
CA,LA,1592.0
CA,MA,8750.0
CA,MD,1591.0
CA,MI,4691.0
CA,MN,6393.0
CA,MO,3580.0
CA,MT,1545.0
CA,NC,5703.0
CA,ND,16.0
CA,NE,473.0
CA,NJ,11360.0
CA,NM,3472.0
CA,NV,53791.0
CA,NY,20087.0
CA,OH,1304.0
CA,OK,1036.0
CA,OR,25125.0
CA,PA,4293.0
CA,SC,117.0
CA,SD,121.0
CA,TN,3713.0
CA,TX,58753.0
CA,UT,24470.0
CA,VA,7032.0
CA,WA,44124.0
CA,WI,117.0
CA,WY,806.0
CO,AK,524.0
CO,AL,1524.0
CO,AR,1231.0
CO,AZ,12250.0
CO,CA,38832.0
CO,CO,27686.0
CO,CT,563.0
CO,FL,11617.0
CO,GA,5758.0
CO,HI,1446.0
CO,IA,3387.0
CO,ID,3695.0
CO,IL,12068.0
CO,IN,1895.0
CO,KS,2975.0
CO,KY,2512.0
CO,LA,1913.0
CO,MA,2533.0
CO,MD,2206.0
CO,ME,70.0
CO,MI,3708.0
CO,MN,4582.0
CO,MO,6972.0
CO,MT,6621.0
CO,NC,3942.0
CO,ND,4327.0
CO,NE,4021.0
CO,NJ,2897.0
CO,NM,2175.0
CO,NV,10200.0
CO,NY,6977.0
CO,OH,3128.0
CO,OK,4042.0
CO,OR,5242.0
CO,PA,3302.0
CO,RI,51.0
CO,SC,951.0
CO,SD,2759.0
CO,TN,4830.0
CO,TX,33064.0
CO,UT,9155.0
CO,VA,5233.0
CO,VT,137.0
CO,WA,7812.0
CO,WI,3257.0
CO,WY,5454.0
CT,CA,288.0
CT,CO,563.0
CT,FL,4717.0
CT,GA,1826.0
CT,IL,2430.0
CT,MD,1339.0
CT,MI,1226.0
CT,MN,792.0
CT,NC,1803.0
CT,NV,163.0
CT,NY,205.0
CT,PA,830.0
CT,PR,603.0
CT,SC,466.0
CT,TN,318.0
CT,TX,802.0
CT,VA,2995.0
DE,FL,57.0
FL,AL,1346.0
FL,AR,999.0
FL,AZ,3436.0
FL,CA,13144.0
FL,CO,11541.0
FL,CT,4709.0
FL,DE,57.0
FL,FL,30457.0
FL,GA,51413.0
FL,HI,123.0
FL,IA,1356.0
FL,IL,29828.0
FL,IN,7525.0
FL,KS,225.0
FL,KY,9253.0
FL,LA,6095.0
FL,MA,17673.0
FL,MD,17230.0
FL,ME,658.0
FL,MI,14669.0
FL,MN,6652.0
FL,MO,10440.0
FL,MS,89.0
FL,MT,13.0
FL,NC,36696.0
FL,ND,232.0
FL,NE,601.0
FL,NH,1620.0
FL,NJ,30015.0
FL,NV,4175.0
FL,NY,60400.0
FL,OH,12390.0
FL,OK,739.0
FL,OR,403.0
FL,PA,25394.0
FL,PR,13330.0
FL,RI,2724.0
FL,SC,2400.0
FL,SD,312.0
FL,TN,15399.0
FL,TX,54457.0
FL,UT,3257.0
FL,VA,27047.0
FL,VI,2585.0
FL,VT,82.0
FL,WA,3668.0
FL,WI,3536.0
FL,WV,683.0
GA,AK,145.0
GA,AL,8007.0
GA,AR,3409.0
GA,AZ,3600.0
GA,CA,11279.0
GA,CO,5747.0
GA,CT,1826.0
GA,FL,51419.0
GA,GA,15544.0
GA,HI,334.0
GA,IA,1356.0
GA,ID,341.0
GA,IL,9990.0
GA,IN,5351.0
GA,KS,956.0
GA,KY,6967.0
GA,LA,8825.0
GA,MA,4507.0
GA,MD,5285.0
GA,ME,524.0
GA,MI,5267.0
GA,MN,3284.0
GA,MO,6179.0
GA,MS,4860.0
GA,MT,368.0
GA,NC,18072.0
GA,NE,1814.0
GA,NJ,7201.0
GA,NM,987.0
GA,NV,3830.0
GA,NY,19921.0
GA,OH,6293.0
GA,OK,3131.0
GA,OR,1148.0
GA,PA,9153.0
GA,PR,1176.0
GA,RI,999.0
GA,SC,9437.0
GA,SD,334.0
GA,TN,12913.0
GA,TX,23192.0
GA,UT,2605.0
GA,VA,17601.0
GA,VI,676.0
GA,VT,334.0
GA,WA,3156.0
GA,WI,3587.0
GA,WV,835.0
GA,WY,175.0
HI,AK,303.0
HI,AZ,2942.0
HI,CA,30811.0
HI,CO,1448.0
HI,FL,123.0
HI,GA,334.0
HI,HI,60218.0
HI,IL,672.0
HI,MA,193.0
HI,MN,277.0
HI,NC,6.0
HI,NJ,344.0
HI,NV,2649.0
HI,NY,334.0
HI,OR,1655.0
HI,TT,386.0
HI,TX,1695.0
HI,UT,469.0
HI,VA,95.0
HI,WA,5579.0
IA,AZ,1322.0
IA,CA,261.0
IA,CO,3386.0
IA,FL,1354.0
IA,GA,1355.0
IA,IA,310.0
IA,IL,5668.0
IA,MI,1386.0
IA,MN,1733.0
IA,MO,536.0
IA,NC,1444.0
IA,NJ,47.0
IA,NV,591.0
IA,NY,294.0
IA,OH,3.0
IA,OR,58.0
IA,TN,208.0
IA,TX,2914.0
IA,UT,46.0
IA,VA,658.0
ID,AZ,2266.0
ID,CA,6960.0
ID,CO,3715.0
ID,GA,341.0
ID,ID,228.0
ID,IL,1132.0
ID,MN,699.0
ID,NV,962.0
ID,OR,1318.0
ID,TX,1919.0
ID,UT,4967.0
ID,WA,6834.0
IL,AK,758.0
IL,AL,1481.0
IL,AR,2571.0
IL,AZ,8416.0
IL,CA,20982.0
IL,CO,12132.0
IL,CT,2418.0
IL,FL,29719.0
IL,GA,9971.0
IL,HI,672.0
IL,IA,5664.0
IL,ID,1130.0
IL,IL,7473.0
IL,IN,5233.0
IL,KS,2236.0
IL,KY,6899.0
IL,LA,2460.0
IL,MA,7192.0
IL,MD,4439.0
IL,ME,1124.0
IL,MI,14556.0
IL,MN,8594.0
IL,MO,10746.0
IL,MT,1118.0
IL,NC,8914.0
IL,ND,1110.0
IL,NE,3580.0
IL,NH,721.0
IL,NJ,5207.0
IL,NM,1082.0
IL,NV,7798.0
IL,NY,24461.0
IL,OH,8408.0
IL,OK,3246.0
IL,OR,2144.0
IL,PA,11010.0
IL,PR,638.0
IL,RI,1468.0
IL,SC,3901.0
IL,SD,1645.0
IL,TN,9623.0
IL,TX,25715.0
IL,UT,3215.0
IL,VA,13731.0
IL,VI,83.0
IL,VT,801.0
IL,WA,5049.0
IL,WI,7219.0
IL,WV,798.0
IL,WY,474.0
IN,AL,4.0
IN,AZ,1456.0
IN,CA,955.0
IN,CO,1900.0
IN,FL,7540.0
IN,GA,5359.0
IN,IL,5112.0
IN,LA,19.0
IN,MA,1594.0
IN,MD,812.0
IN,MI,1981.0
IN,MN,1849.0
IN,NC,2553.0
IN,NJ,1700.0
IN,NV,1453.0
IN,NY,4413.0
IN,OH,1.0
IN,PA,1181.0
IN,SC,88.0
IN,TX,6081.0
IN,UT,49.0
IN,VA,2497.0
IN,WA,374.0
KS,AZ,247.0
KS,CA,18.0
KS,CO,2785.0
KS,FL,225.0
KS,GA,956.0
KS,IL,2234.0
KS,KS,904.0
KS,MN,386.0
KS,MO,536.0
KS,NV,186.0
KS,TX,4144.0
KS,WA,281.0
KY,AZ,480.0
KY,CA,584.0
KY,CO,2508.0
KY,FL,9254.0
KY,GA,6969.0
KY,IL,6844.0
KY,LA,111.0
KY,MA,1845.0
KY,MD,1431.0
KY,MI,3342.0
KY,MN,1845.0
KY,MO,238.0
KY,NC,3809.0
KY,NJ,2341.0
KY,NV,1297.0
KY,NY,4787.0
KY,OH,1.0
KY,PA,1306.0
KY,RI,12.0
KY,SC,242.0
KY,TX,6413.0
KY,UT,518.0
KY,VA,3934.0
KY,WA,593.0
LA,AZ,462.0
LA,CA,1533.0
LA,CO,1915.0
LA,FL,6086.0
LA,GA,8845.0
LA,IL,2427.0
LA,IN,19.0
LA,KY,111.0
LA,MA,649.0
LA,MD,945.0
LA,MI,933.0
LA,MN,333.0
LA,MO,908.0
LA,NC,3793.0
LA,NJ,1501.0
LA,NV,1009.0
LA,NY,2494.0
LA,OH,46.0
LA,PA,1030.0
LA,TN,931.0
LA,TX,19938.0
LA,UT,322.0
LA,VA,2581.0
LA,WA,359.0
MA,AZ,1514.0
MA,CA,8756.0
MA,CO,2534.0
MA,FL,17676.0
MA,GA,4502.0
MA,HI,195.0
MA,IL,7207.0
MA,IN,1592.0
MA,KY,1841.0
MA,LA,650.0
MA,MA,460.0
MA,MD,2390.0
MA,ME,169.0
MA,MI,2413.0
MA,MN,1894.0
MA,MO,2261.0
MA,MT,46.0
MA,NC,7449.0
MA,NJ,4485.0
MA,NV,1448.0
MA,NY,18603.0
MA,OH,2845.0
MA,OR,347.0
MA,PA,6412.0
MA,PR,1342.0
MA,SC,1536.0
MA,TN,2328.0
MA,TX,6361.0
MA,UT,1010.0
MA,VA,14024.0
MA,VI,160.0
MA,WA,2232.0
MA,WI,870.0
MD,AL,324.0
MD,AZ,734.0
MD,CA,1586.0
MD,CO,2162.0
MD,CT,1339.0
MD,FL,17267.0
MD,GA,5280.0
MD,IL,4507.0
MD,IN,837.0
MD,KY,1426.0
MD,LA,895.0
MD,MA,2369.0
MD,ME,1023.0
MD,MI,2088.0
MD,MN,1190.0
MD,MO,1570.0
MD,MS,323.0
MD,NC,3637.0
MD,NH,1364.0
MD,NM,56.0
MD,NV,1455.0
MD,NY,8960.0
MD,OH,1544.0
MD,PA,982.0
MD,PR,1025.0
MD,RI,1412.0
MD,SC,2523.0
MD,TN,1337.0
MD,TX,5924.0
MD,UT,448.0
MD,VA,1362.0
MD,WA,424.0
MD,WI,586.0
ME,CO,70.0
ME,FL,658.0
ME,GA,524.0
ME,IL,1166.0
ME,MA,168.0
ME,MD,1023.0
ME,MI,454.0
ME,MN,98.0
ME,NC,1112.0
ME,NJ,1637.0
ME,NY,3588.0
ME,PA,1107.0
ME,TN,11.0
ME,TX,77.0
ME,VA,2630.0
MI,AL,388.0
MI,AZ,2322.0
MI,CA,4692.0
MI,CO,3710.0
MI,CT,1226.0
MI,FL,14669.0
MI,GA,5272.0
MI,IA,1385.0
MI,IL,14549.0
MI,IN,1976.0
MI,KY,3342.0
MI,LA,937.0
MI,MA,2414.0
MI,MD,2071.0
MI,ME,455.0
MI,MI,16469.0
MI,MN,4158.0
MI,MO,3071.0
MI,MT,5.0
MI,NC,5520.0
MI,NE,852.0
MI,NJ,3426.0
MI,NV,3166.0
MI,NY,13528.0
MI,OH,3194.0
MI,OR,374.0
MI,PA,5262.0
MI,RI,815.0
MI,SC,1641.0
MI,TN,3755.0
MI,TX,8341.0
MI,UT,1411.0
MI,VA,7018.0
MI,VT,366.0
MI,WA,1828.0
MI,WI,4703.0
MN,AK,656.0
MN,AR,176.0
MN,AZ,3088.0
MN,CA,6401.0
MN,CO,4598.0
MN,CT,792.0
MN,FL,6655.0
MN,GA,3286.0
MN,HI,277.0
MN,IA,1733.0
MN,ID,699.0
MN,IL,8570.0
MN,IN,1852.0
MN,KS,385.0
MN,KY,1846.0
MN,LA,332.0
MN,MA,1894.0
MN,MD,1193.0
MN,ME,98.0
MN,MI,4159.0
MN,MN,9522.0
MN,MO,2770.0
MN,MT,1851.0
MN,NC,2906.0
MN,ND,6038.0
MN,NE,1362.0
MN,NJ,2206.0
MN,NM,50.0
MN,NV,2442.0
MN,NY,3940.0
MN,OH,2291.0
MN,OK,334.0
MN,OR,1309.0
MN,PA,2217.0
MN,PR,82.0
MN,RI,60.0
MN,SC,265.0
MN,SD,3205.0
MN,TN,2466.0
MN,TX,6818.0
MN,UT,1559.0
MN,VA,3516.0
MN,VT,44.0
MN,WA,3414.0
MN,WI,6886.0
MN,WY,30.0
MO,AR,535.0
MO,AZ,3637.0
MO,CA,3637.0
MO,CO,7012.0
MO,FL,10558.0
MO,GA,6160.0
MO,IA,538.0
MO,IL,10706.0
MO,KS,538.0
MO,KY,185.0
MO,LA,921.0
MO,MA,2262.0
MO,MD,1582.0
MO,MI,3007.0
MO,MN,2785.0
MO,MO,1588.0
MO,NC,4301.0
MO,NE,623.0
MO,NJ,1079.0
MO,NM,2.0
MO,NV,3337.0
MO,NY,6740.0
MO,OH,1073.0
MO,OK,915.0
MO,OR,132.0
MO,PA,2285.0
MO,PR,30.0
MO,SC,96.0
MO,TN,2004.0
MO,TX,16936.0
MO,UT,1919.0
MO,VA,4447.0
MO,WA,1393.0
MO,WI,515.0
MS,FL,89.0
MS,GA,4858.0
MS,MD,323.0
MS,MS,512.0
MS,NC,1670.0
MS,TX,4446.0
MS,VA,334.0
MT,AZ,542.0
MT,CA,1548.0
MT,CO,6634.0
MT,FL,13.0
MT,GA,368.0
MT,IL,1120.0
MT,MA,46.0
MT,MI,5.0
MT,MN,1853.0
MT,NC,19.0
MT,NJ,179.0
MT,NV,1075.0
MT,NY,144.0
MT,OR,80.0
MT,TN,113.0
MT,TX,1809.0
MT,UT,6375.0
MT,VA,15.0
MT,WA,4175.0
NC,AL,2817.0
NC,AR,2026.0
NC,AZ,2562.0
NC,CA,5678.0
NC,CO,3943.0
NC,CT,1806.0
NC,FL,36657.0
NC,GA,18057.0
NC,HI,6.0
NC,IA,1445.0
NC,IL,8906.0
NC,IN,2556.0
NC,KY,3806.0
NC,LA,3791.0
NC,MA,7458.0
NC,MD,3676.0
NC,ME,1115.0
NC,MI,5524.0
NC,MN,2906.0
NC,MO,4323.0
NC,MS,1671.0
NC,MT,19.0
NC,NC,22377.0
NC,NE,654.0
NC,NH,885.0
NC,NJ,7430.0
NC,NV,2827.0
NC,NY,26016.0
NC,OH,5762.0
NC,OK,1308.0
NC,OR,205.0
NC,PA,10704.0
NC,PR,910.0
NC,RI,1317.0
NC,SC,8015.0
NC,SD,154.0
NC,TN,8661.0
NC,TX,14502.0
NC,UT,1014.0
NC,VA,16601.0
NC,VI,462.0
NC,VT,658.0
NC,WA,1673.0
NC,WI,1838.0
NC,WV,1119.0
NC,WY,19.0
ND,AZ,823.0
ND,CA,16.0
ND,CO,4321.0
ND,FL,233.0
ND,IL,1113.0
ND,MN,6030.0
ND,ND,776.0
ND,NV,512.0
ND,TN,96.0
ND,TX,1189.0
NE,AZ,1484.0
NE,CA,472.0
NE,CO,3982.0
NE,FL,603.0
NE,GA,1833.0
NE,IL,3603.0
NE,MI,852.0
NE,MN,1362.0
NE,MO,619.0
NE,NC,654.0
NE,NE,238.0
NE,NJ,2.0
NE,NV,1009.0
NE,NY,928.0
NE,OK,1.0
NE,TN,12.0
NE,TX,3211.0
NE,UT,882.0
NE,VA,601.0
NE,WA,309.0
NH,FL,1622.0
NH,IL,722.0
NH,MD,1364.0
NH,NC,885.0
NH,NJ,372.0
NH,PA,289.0
NH,SC,197.0
NH,TN,14.0
NH,VA,1044.0
NJ,AK,92.0
NJ,AR,63.0
NJ,AZ,2329.0
NJ,CA,11372.0
NJ,CO,2891.0
NJ,FL,30015.0
NJ,GA,7204.0
NJ,HI,344.0
NJ,IA,47.0
NJ,IL,5212.0
NJ,IN,1502.0
NJ,KY,2323.0
NJ,LA,1501.0
NJ,MA,4480.0
NJ,ME,1702.0
NJ,MI,3424.0
NJ,MN,2206.0
NJ,MO,1024.0
NJ,MT,179.0
NJ,NC,7511.0
NJ,NE,2.0
NJ,NH,379.0
NJ,NV,2632.0
NJ,NY,2553.0
NJ,OH,3536.0
NJ,OR,811.0
NJ,PA,2166.0
NJ,PR,2161.0
NJ,RI,708.0
NJ,SC,3700.0
NJ,SD,13.0
NJ,TN,2637.0
NJ,TX,8860.0
NJ,UT,754.0
NJ,VA,3046.0
NJ,VI,365.0
NJ,VT,637.0
NJ,WA,1912.0
NJ,WI,1258.0
NJ,WY,140.0
NM,AZ,3110.0
NM,CA,3418.0
NM,CO,2175.0
NM,GA,987.0
NM,IL,1103.0
NM,MD,55.0
NM,MN,50.0
NM,MO,2.0
NM,NV,1155.0
NM,NY,330.0
NM,OR,260.0
NM,TX,7549.0
NM,UT,974.0
NM,WA,368.0
NV,AK,100.0
NV,AL,87.0
NV,AR,332.0
NV,AZ,8353.0
NV,CA,53765.0
NV,CO,10200.0
NV,CT,162.0
NV,FL,4168.0
NV,GA,3830.0
NV,HI,2651.0
NV,IA,592.0
NV,ID,961.0
NV,IL,7810.0
NV,IN,1451.0
NV,KS,186.0
NV,KY,1302.0
NV,LA,1001.0
NV,MA,1450.0
NV,MD,1481.0
NV,MI,3164.0
NV,MN,2445.0
NV,MO,3374.0
NV,MT,1093.0
NV,NC,2823.0
NV,ND,511.0
NV,NE,1012.0
NV,NJ,2627.0
NV,NM,1156.0
NV,NV,5680.0
NV,NY,3192.0
NV,OH,1701.0
NV,OK,1157.0
NV,OR,4253.0
NV,PA,2174.0
NV,SD,354.0
NV,TN,1944.0
NV,TX,20643.0
NV,UT,5138.0
NV,VA,964.0
NV,WA,9058.0
NV,WI,1241.0
NY,AL,479.0
NY,AR,899.0
NY,AZ,2197.0
NY,CA,20093.0
NY,CO,6977.0
NY,CT,207.0
NY,FL,60372.0
NY,GA,19920.0
NY,HI,334.0
NY,IA,292.0
NY,IL,24481.0
NY,IN,4411.0
NY,KY,4781.0
NY,LA,2492.0
NY,MA,18608.0
NY,MD,8959.0
NY,ME,3589.0
NY,MI,13521.0
NY,MN,3936.0
NY,MO,6738.0
NY,MT,144.0
NY,NC,26010.0
NY,NE,928.0
NY,NJ,2527.0
NY,NM,330.0
NY,NV,3197.0
NY,NY,19280.0
NY,OH,10446.0
NY,OK,457.0
NY,OR,1018.0
NY,PA,7251.0
NY,PR,3650.0
NY,RI,945.0
NY,SC,6453.0
NY,SD,13.0
NY,TN,9260.0
NY,TX,18177.0
NY,UT,1981.0
NY,VA,29287.0
NY,VI,613.0
NY,VT,2215.0
NY,WA,2991.0
NY,WI,2217.0
NY,WY,70.0
OH,AZ,1653.0
OH,CA,1315.0
OH,CO,3130.0
OH,FL,12394.0
OH,GA,6287.0
OH,IA,3.0
OH,IL,8419.0
OH,IN,1.0
OH,LA,46.0
OH,MA,2853.0
OH,MD,1497.0
OH,MI,3192.0
OH,MN,2291.0
OH,MO,1058.0
OH,NC,5756.0
OH,NJ,3585.0
OH,NV,1715.0
OH,NY,10440.0
OH,PA,2298.0
OH,SC,461.0
OH,TN,1306.0
OH,TX,5961.0
OH,UT,6.0
OH,VA,6105.0
OH,WA,411.0
OH,WI,3.0
OK,AZ,2068.0
OK,CA,1027.0
OK,CO,4238.0
OK,FL,746.0
OK,GA,3126.0
OK,IL,3248.0
OK,MN,334.0
OK,MO,943.0
OK,NC,1312.0
OK,NE,1.0
OK,NV,1150.0
OK,NY,455.0
OK,TN,21.0
OK,TX,12924.0
OK,UT,1296.0
OK,VA,906.0
OK,WA,332.0
OR,AK,391.0
OR,AZ,4353.0
OR,CA,25092.0
OR,CO,5245.0
OR,FL,401.0
OR,GA,1152.0
OR,HI,1656.0
OR,IA,58.0
OR,ID,1315.0
OR,IL,2145.0
OR,MA,349.0
OR,MI,376.0
OR,MN,1308.0
OR,MO,132.0
OR,MT,80.0
OR,NC,205.0
OR,NJ,811.0
OR,NM,260.0
OR,NV,4277.0
OR,NY,1017.0
OR,OR,1190.0
OR,TX,2959.0
OR,UT,4406.0
OR,VA,566.0
OR,WA,17567.0
PA,AL,477.0
PA,AZ,2454.0
PA,CA,4304.0
PA,CO,3312.0
PA,CT,828.0
PA,FL,25288.0
PA,GA,9159.0
PA,IL,11071.0
PA,IN,1181.0
PA,KY,1310.0
PA,LA,1030.0
PA,MA,6411.0
PA,MD,981.0
PA,ME,1105.0
PA,MI,5262.0
PA,MN,2218.0
PA,MO,2308.0
PA,NC,10710.0
PA,NH,289.0
PA,NJ,2092.0
PA,NV,2184.0
PA,NY,7260.0
PA,OH,2295.0
PA,PA,2333.0
PA,PR,1639.0
PA,RI,810.0
PA,SC,2498.0
PA,TN,3606.0
PA,TX,7599.0
PA,UT,338.0
PA,VA,4690.0
PA,VI,147.0
PA,VT,539.0
PA,WA,1299.0
PA,WI,773.0
PA,WV,210.0
PR,CT,606.0
PR,FL,13327.0
PR,GA,1175.0
PR,IL,640.0
PR,MA,1430.0
PR,MD,1028.0
PR,MN,82.0
PR,MO,30.0
PR,NC,907.0
PR,NJ,2234.0
PR,NY,3728.0
PR,PA,1642.0
PR,TN,40.0
PR,TX,1499.0
PR,VA,728.0
PR,VI,577.0
RI,CO,51.0
RI,FL,2706.0
RI,GA,999.0
RI,IL,1495.0
RI,KY,12.0
RI,MD,1402.0
RI,MI,815.0
RI,MN,60.0
RI,NC,1318.0
RI,NJ,705.0
RI,NY,943.0
RI,PA,810.0
RI,TN,56.0
RI,VA,2301.0
SC,AR,1.0
SC,CA,119.0
SC,CO,969.0
SC,CT,467.0
SC,FL,2398.0
SC,GA,9436.0
SC,IL,3930.0
SC,IN,88.0
SC,KY,244.0
SC,MA,1533.0
SC,MD,2493.0
SC,MI,1638.0
SC,MN,265.0
SC,MO,96.0
SC,NC,8008.0
SC,NH,197.0
SC,NJ,3689.0
SC,NY,6446.0
SC,OH,460.0
SC,PA,2496.0
SC,TN,1350.0
SC,TX,4713.0
SC,VA,5149.0
SC,WA,306.0
SC,WI,4.0
SC,WV,60.0
SD,AZ,893.0
SD,CA,123.0
SD,CO,2757.0
SD,FL,313.0
SD,GA,334.0
SD,IL,1644.0
SD,MN,3203.0
SD,NC,156.0
SD,NJ,13.0
SD,NV,354.0
SD,NY,13.0
SD,TN,70.0
SD,TX,1598.0
SD,UT,116.0
TN,AR,69.0
TN,AZ,2003.0
TN,CA,3693.0
TN,CO,4804.0
TN,CT,330.0
TN,FL,15430.0
TN,GA,12932.0
TN,IA,208.0
TN,IL,9613.0
TN,LA,941.0
TN,MA,2366.0
TN,MD,1320.0
TN,ME,11.0
TN,MI,3764.0
TN,MN,2466.0
TN,MO,2004.0
TN,MT,113.0
TN,NC,8647.0
TN,ND,96.0
TN,NE,12.0
TN,NH,14.0
TN,NJ,2639.0
TN,NV,1950.0
TN,NY,9250.0
TN,OH,1307.0
TN,OK,21.0
TN,PA,3614.0
TN,PR,40.0
TN,RI,56.0
TN,SC,1353.0
TN,SD,70.0
TN,TX,17126.0
TN,UT,863.0
TN,VA,6671.0
TN,WA,949.0
TN,WI,726.0
TT,HI,386.0
TT,TT,710.0
TX,AK,364.0
TX,AL,6657.0
TX,AR,8133.0
TX,AZ,20934.0
TX,CA,58790.0
TX,CO,33088.0
TX,CT,803.0
TX,FL,54410.0
TX,GA,23147.0
TX,HI,1694.0
TX,IA,2912.0
TX,ID,1916.0
TX,IL,25723.0
TX,IN,6093.0
TX,KS,3954.0
TX,KY,6399.0
TX,LA,19860.0
TX,MA,6355.0
TX,MD,5992.0
TX,ME,78.0
TX,MI,8364.0
TX,MN,6796.0
TX,MO,16981.0
TX,MS,4446.0
TX,MT,1809.0
TX,NC,14529.0
TX,ND,1186.0
TX,NE,3205.0
TX,NJ,8866.0
TX,NM,7534.0
TX,NV,20615.0
TX,NY,18171.0
TX,OH,5936.0
TX,OK,13147.0
TX,OR,2957.0
TX,PA,7585.0
TX,PR,1484.0
TX,SC,4713.0
TX,SD,1602.0
TX,TN,17177.0
TX,TX,158462.0
TX,UT,9038.0
TX,VA,14723.0
TX,VI,283.0
TX,VT,78.0
TX,WA,7831.0
TX,WI,3011.0
TX,WY,425.0
UT,AK,185.0
UT,AZ,6227.0
UT,CA,24371.0
UT,CO,9120.0
UT,FL,3262.0
UT,GA,2597.0
UT,HI,469.0
UT,IA,46.0
UT,ID,4967.0
UT,IL,3221.0
UT,IN,49.0
UT,KY,518.0
UT,LA,322.0
UT,MA,1010.0
UT,MD,471.0
UT,MI,1415.0
UT,MN,1562.0
UT,MO,1952.0
UT,MT,6373.0
UT,NC,1014.0
UT,NE,883.0
UT,NJ,752.0
UT,NM,974.0
UT,NV,5206.0
UT,NY,1990.0
UT,OH,6.0
UT,OK,1296.0
UT,OR,4408.0
UT,PA,339.0
UT,SD,115.0
UT,TN,869.0
UT,TX,9058.0
UT,UT,4017.0
UT,VA,654.0
UT,WA,5648.0
UT,WI,238.0
UT,WY,1089.0
VA,AL,2398.0
VA,AR,600.0
VA,AZ,1440.0
VA,CA,7029.0
VA,CO,5231.0
VA,CT,2996.0
VA,FL,27022.0
VA,GA,17591.0
VA,HI,97.0
VA,IA,658.0
VA,IL,13831.0
VA,IN,2570.0
VA,KY,3975.0
VA,LA,2583.0
VA,MA,14023.0
VA,MD,1362.0
VA,ME,2607.0
VA,MI,7016.0
VA,MN,3512.0
VA,MO,4441.0
VA,MS,334.0
VA,MT,15.0
VA,NC,16527.0
VA,NE,601.0
VA,NH,1047.0
VA,NJ,2922.0
VA,NV,963.0
VA,NY,29275.0
VA,OH,6100.0
VA,OK,906.0
VA,OR,566.0
VA,PA,4704.0
VA,PR,703.0
VA,RI,2303.0
VA,SC,5147.0
VA,TN,6667.0
VA,TX,14705.0
VA,UT,652.0
VA,VA,5054.0
VA,VI,276.0
VA,VT,1449.0
VA,WA,1997.0
VA,WI,814.0
VA,WV,812.0
VI,FL,2583.0
VI,GA,676.0
VI,IL,82.0
VI,MA,66.0
VI,NC,463.0
VI,NJ,296.0
VI,NY,532.0
VI,PA,147.0
VI,PR,852.0
VI,TX,275.0
VI,VA,252.0
VT,CO,137.0
VT,FL,82.0
VT,GA,334.0
VT,IL,798.0
VT,MI,365.0
VT,MN,44.0
VT,NC,658.0
VT,NJ,635.0
VT,NY,2214.0
VT,PA,540.0
VT,TX,79.0
VT,VA,1450.0
WA,AK,11294.0
WA,AZ,8144.0
WA,CA,44158.0
WA,CO,7855.0
WA,FL,3671.0
WA,GA,3154.0
WA,HI,5578.0
WA,ID,6836.0
WA,IL,5054.0
WA,IN,375.0
WA,KS,281.0
WA,KY,597.0
WA,LA,359.0
WA,MA,2232.0
WA,MD,425.0
WA,MI,1824.0
WA,MN,3415.0
WA,MO,1390.0
WA,MT,4177.0
WA,NC,1667.0
WA,NE,309.0
WA,NJ,1911.0
WA,NM,366.0
WA,NV,9038.0
WA,NY,2989.0
WA,OH,411.0
WA,OK,332.0
WA,OR,17570.0
WA,PA,1301.0
WA,SC,306.0
WA,TN,950.0
WA,TX,7833.0
WA,UT,5650.0
WA,VA,2001.0
WA,WA,27781.0
WA,WI,337.0
WA,WY,150.0
WI,AZ,1611.0
WI,CA,117.0
WI,CO,3266.0
WI,FL,3548.0
WI,GA,3601.0
WI,IL,7213.0
WI,MA,870.0
WI,MD,578.0
WI,MI,4703.0
WI,MN,6886.0
WI,MO,506.0
WI,NC,1839.0
WI,NJ,1267.0
WI,NV,1254.0
WI,NY,2213.0
WI,OH,3.0
WI,PA,773.0
WI,SC,4.0
WI,TN,715.0
WI,TX,3003.0
WI,UT,236.0
WI,VA,814.0
WI,WA,337.0
WV,FL,685.0
WV,GA,835.0
WV,IL,797.0
WV,NC,1120.0
WV,PA,211.0
WV,SC,60.0
WV,VA,811.0
WY,AZ,105.0
WY,CA,802.0
WY,CO,5453.0
WY,GA,173.0
WY,IL,475.0
WY,MN,30.0
WY,NC,19.0
WY,NJ,140.0
WY,NY,70.0
WY,TX,424.0
WY,UT,1088.0
WY,WA,150.0
