,date,new_confirmed,State,Region,categorical_id,day_of_week,categorical_month,days_from_start,week_of_month,categorical_day_of_week,categorical_week,stringency_index,government_response_index,containment_health_index,economic_support_index,new_confirmed_lag_7,stringency_index_lag_7,government_response_index_lag_7,containment_health_index_lag_7,economic_support_index_lag_7,is_holiday,is_holiday_lead_1,is_holiday_lead_2,is_holiday_lag_1,is_holiday_lag_2
0,2020-03-01,0.0,Arkansas,AS,3,6,3,0,1,6,1,,,,,0,0,0,0,0,0,0,0,0,0
1,2020-03-02,0.0,Arkansas,AS,3,0,3,1,1,0,1,,,,,0,0,0,0,0,0,0,0,0,0
2,2020-03-03,0.0,Arkansas,AS,3,1,3,2,1,1,1,,,,,0,0,0,0,0,0,0,0,0,0
3,2020-03-04,0.0,Arkansas,AS,3,2,3,3,1,2,1,,,,,0,0,0,0,0,0,0,0,0,0
4,2020-03-05,0.0,Arkansas,AS,3,3,3,4,1,3,1,,,,,0,0,0,0,0,0,0,0,0,0
5,2020-03-06,0.0,Arkansas,AS,3,4,3,5,1,4,1,,,,,0,0,0,0,0,0,0,0,0,0
6,2020-03-07,0.0,Arkansas,AS,3,5,3,6,2,5,2,,,,,0,0,0,0,0,0,0,0,0,0
7,2020-03-08,0.0,Arkansas,AS,3,6,3,7,2,6,2,,,,,0,0,0,0,0,0,0,0,0,0
8,2020-03-09,0.0,Arkansas,AS,3,0,3,8,2,0,2,,,,,0,0,0,0,0,0,0,0,0,0
9,2020-03-10,0.0,Arkansas,AS,3,1,3,9,2,1,2,,,,,0,0,0,0,0,0,0,0,0,0
10,2020-03-11,0.0,Arkansas,AS,3,2,3,10,2,2,2,,,,,0,0,0,0,0,0,0,0,0,0
11,2020-03-12,0.0,Arkansas,AS,3,3,3,11,2,3,2,,,,,0,0,0,0,0,0,0,0,0,0
12,2020-03-13,0.0,Arkansas,AS,3,4,3,12,2,4,2,,,,,0,0,0,0,0,0,0,0,0,0
13,2020-03-14,0.0,Arkansas,AS,3,5,3,13,3,5,3,,,,,0,0,0,0,0,0,0,0,0,0
14,2020-03-15,0.0,Arkansas,AS,3,6,3,14,3,6,3,,,,,0,0,0,0,0,0,0,0,0,0
15,2020-03-16,0.0,Arkansas,AS,3,0,3,15,3,0,3,,,,,0,0,0,0,0,0,0,0,0,0
16,2020-03-17,0.0,Arkansas,AS,3,1,3,16,3,1,3,,,,,0,0,0,0,0,0,0,0,0,0
17,2020-03-18,0.0,Arkansas,AS,3,2,3,17,3,2,3,,,,,0,0,0,0,0,0,0,0,0,0
18,2020-03-19,1.0,Arkansas,AS,3,3,3,18,3,3,3,,,,,0,0,0,0,0,0,0,0,0,0
19,2020-03-20,5.0,Arkansas,AS,3,4,3,19,3,4,3,,,,,0,0,0,0,0,0,0,0,0,0
20,2020-03-21,2.0,Arkansas,AS,3,5,3,20,4,5,4,,,,,0,0,0,0,0,0,0,0,0,0
21,2020-03-22,5.0,Arkansas,AS,3,6,3,21,4,6,4,,,,,0,0,0,0,0,0,0,0,0,0
22,2020-03-23,1.0,Arkansas,AS,3,0,3,22,4,0,4,,,,,0,0,0,0,0,0,0,0,0,0
23,2020-03-24,4.0,Arkansas,AS,3,1,3,23,4,1,4,,,,,0,0,0,0,0,0,0,0,0,0
24,2020-03-25,6.0,Arkansas,AS,3,2,3,24,4,2,4,,,,,0,0,0,0,0,0,0,0,0,0
25,2020-03-26,7.0,Arkansas,AS,3,3,3,25,4,3,4,,,,,1,0,0,0,0,0,0,0,0,0
26,2020-03-27,1.0,Arkansas,AS,3,4,3,26,4,4,4,,,,,5,0,0,0,0,0,0,0,0,0
27,2020-03-28,6.0,Arkansas,AS,3,5,3,27,5,5,5,,,,,2,0,0,0,0,0,0,0,0,0
28,2020-03-29,2.0,Arkansas,AS,3,6,3,28,5,6,5,,,,,5,0,0,0,0,0,0,0,0,0
29,2020-03-30,4.0,Arkansas,AS,3,0,3,29,5,0,5,,,,,1,0,0,0,0,0,0,0,0,0
30,2020-03-31,6.0,Arkansas,AS,3,1,3,30,5,1,5,,,,,4,0,0,0,0,0,0,0,0,0
31,2020-04-01,0.0,Arkansas,AS,3,2,4,31,1,2,1,,,,,6,0,0,0,0,0,0,0,0,0
32,2020-04-02,2.0,Arkansas,AS,3,3,4,32,1,3,1,,,,,7,0,0,0,0,0,0,0,0,0
33,2020-04-03,3.0,Arkansas,AS,3,4,4,33,1,4,1,,,,,1,0,0,0,0,0,0,0,0,0
34,2020-04-04,5.0,Arkansas,AS,3,5,4,34,1,5,1,,,,,6,0,0,0,0,0,0,0,0,0
35,2020-04-05,6.0,Arkansas,AS,3,6,4,35,1,6,1,,,,,2,0,0,0,0,0,0,0,0,0
36,2020-04-06,3.0,Arkansas,AS,3,0,4,36,1,0,1,,,,,4,0,0,0,0,0,0,0,0,0
37,2020-04-07,4.0,Arkansas,AS,3,1,4,37,2,1,2,,,,,6,0,0,0,0,0,0,0,0,0
38,2020-04-08,9.0,Arkansas,AS,3,2,4,38,2,2,2,,,,,0,0,0,0,0,0,0,0,0,0
39,2020-04-09,4.0,Arkansas,AS,3,3,4,39,2,3,2,,,,,2,0,0,0,0,0,0,0,0,0
40,2020-04-10,2.0,Arkansas,AS,3,4,4,40,2,4,2,,,,,3,0,0,0,0,0,0,0,0,0
41,2020-04-11,1.0,Arkansas,AS,3,5,4,41,2,5,2,,,,,5,0,0,0,0,0,0,0,0,0
42,2020-04-12,0.0,Arkansas,AS,3,6,4,42,2,6,2,,,,,6,0,0,0,0,0,0,0,0,0
43,2020-04-13,2.0,Arkansas,AS,3,0,4,43,2,0,2,,,,,3,0,0,0,0,0,0,0,0,0
44,2020-04-14,12.0,Arkansas,AS,3,1,4,44,3,1,3,,,,,4,0,0,0,0,0,0,0,0,0
45,2020-04-15,9.0,Arkansas,AS,3,2,4,45,3,2,3,,,,,9,0,0,0,0,0,0,0,0,0
46,2020-04-16,8.0,Arkansas,AS,3,3,4,46,3,3,3,,,,,4,0,0,0,0,0,0,0,0,0
47,2020-04-17,8.0,Arkansas,AS,3,4,4,47,3,4,3,,,,,2,0,0,0,0,0,0,0,0,0
48,2020-04-18,8.0,Arkansas,AS,3,5,4,48,3,5,3,,,,,1,0,0,0,0,0,0,0,0,0
49,2020-04-19,0.0,Arkansas,AS,3,6,4,49,3,6,3,,,,,0,0,0,0,0,0,0,0,0,0
50,2020-04-20,0.0,Arkansas,AS,3,0,4,50,3,0,3,,,,,2,0,0,0,0,0,0,0,0,0
51,2020-04-21,0.0,Arkansas,AS,3,1,4,51,4,1,4,,,,,12,0,0,0,0,0,0,0,0,0
52,2020-04-22,0.0,Arkansas,AS,3,2,4,52,4,2,4,,,,,9,0,0,0,0,0,0,0,0,0
53,2020-04-23,0.0,Arkansas,AS,3,3,4,53,4,3,4,,,,,8,0,0,0,0,0,0,0,0,0
54,2020-04-24,0.0,Arkansas,AS,3,4,4,54,4,4,4,,,,,8,0,0,0,0,0,0,0,0,0
55,2020-04-25,0.0,Arkansas,AS,3,5,4,55,4,5,4,,,,,8,0,0,0,0,0,0,0,0,0
56,2020-04-26,0.0,Arkansas,AS,3,6,4,56,4,6,4,,,,,0,0,0,0,0,0,0,0,0,0
57,2020-04-27,0.0,Arkansas,AS,3,0,4,57,4,0,4,,,,,0,0,0,0,0,0,0,0,0,0
58,2020-04-28,0.0,Arkansas,AS,3,1,4,58,5,1,5,,,,,0,0,0,0,0,0,0,0,0,0
59,2020-04-29,0.0,Arkansas,AS,3,2,4,59,5,2,5,,,,,0,0,0,0,0,0,0,0,0,0
60,2020-04-30,0.0,Arkansas,AS,3,3,4,60,5,3,5,,,,,0,0,0,0,0,0,0,0,0,0
61,2020-05-01,0.0,Arkansas,AS,3,4,5,61,1,4,1,,,,,0,0,0,0,0,0,0,0,0,0
62,2020-05-02,0.0,Arkansas,AS,3,5,5,62,1,5,1,,,,,0,0,0,0,0,0,0,0,0,0
63,2020-05-03,0.0,Arkansas,AS,3,6,5,63,1,6,1,,,,,0,0,0,0,0,0,0,0,0,0
64,2020-05-04,0.0,Arkansas,AS,3,0,5,64,1,0,1,,,,,0,0,0,0,0,0,0,0,0,0
65,2020-05-05,0.0,Arkansas,AS,3,1,5,65,1,1,1,,,,,0,0,0,0,0,0,0,0,0,0
66,2020-05-06,0.0,Arkansas,AS,3,2,5,66,1,2,1,,,,,0,0,0,0,0,0,0,0,0,0
67,2020-05-07,0.0,Arkansas,AS,3,3,5,67,2,3,2,,,,,0,0,0,0,0,0,0,0,0,0
68,2020-05-08,0.0,Arkansas,AS,3,4,5,68,2,4,2,,,,,0,0,0,0,0,0,0,0,0,0
69,2020-05-09,0.0,Arkansas,AS,3,5,5,69,2,5,2,,,,,0,0,0,0,0,0,0,0,0,0
70,2020-05-10,0.0,Arkansas,AS,3,6,5,70,2,6,2,,,,,0,0,0,0,0,0,0,0,0,0
71,2020-05-11,0.0,Arkansas,AS,3,0,5,71,2,0,2,,,,,0,0,0,0,0,0,0,0,0,0
72,2020-05-12,0.0,Arkansas,AS,3,1,5,72,2,1,2,,,,,0,0,0,0,0,0,0,0,0,0
73,2020-05-13,0.0,Arkansas,AS,3,2,5,73,2,2,2,,,,,0,0,0,0,0,0,0,0,0,0
74,2020-05-14,0.0,Arkansas,AS,3,3,5,74,3,3,3,,,,,0,0,0,0,0,0,0,0,0,0
75,2020-05-15,0.0,Arkansas,AS,3,4,5,75,3,4,3,,,,,0,0,0,0,0,0,0,0,0,0
76,2020-05-16,0.0,Arkansas,AS,3,5,5,76,3,5,3,,,,,0,0,0,0,0,0,0,0,0,0
77,2020-05-17,0.0,Arkansas,AS,3,6,5,77,3,6,3,,,,,0,0,0,0,0,0,0,0,0,0
78,2020-05-18,0.0,Arkansas,AS,3,0,5,78,3,0,3,,,,,0,0,0,0,0,0,0,0,0,0
79,2020-05-19,0.0,Arkansas,AS,3,1,5,79,3,1,3,,,,,0,0,0,0,0,0,0,0,0,0
80,2020-05-20,0.0,Arkansas,AS,3,2,5,80,3,2,3,,,,,0,0,0,0,0,0,0,0,0,0
81,2020-05-21,0.0,Arkansas,AS,3,3,5,81,4,3,4,,,,,0,0,0,0,0,0,0,0,0,0
82,2020-05-22,0.0,Arkansas,AS,3,4,5,82,4,4,4,,,,,0,0,0,0,0,0,0,0,0,0
83,2020-05-23,0.0,Arkansas,AS,3,5,5,83,4,5,4,,,,,0,0,0,0,0,0,0,0,0,0
84,2020-05-24,0.0,Arkansas,AS,3,6,5,84,4,6,4,,,,,0,0,0,0,0,0,0,0,0,0
85,2020-05-25,0.0,Arkansas,AS,3,0,5,85,4,0,4,,,,,0,0,0,0,0,0,0,0,0,0
86,2020-05-26,0.0,Arkansas,AS,3,1,5,86,4,1,4,,,,,0,0,0,0,0,0,0,0,0,0
87,2020-05-27,0.0,Arkansas,AS,3,2,5,87,4,2,4,,,,,0,0,0,0,0,0,0,0,0,0
88,2020-05-28,0.0,Arkansas,AS,3,3,5,88,5,3,5,,,,,0,0,0,0,0,0,0,0,0,0
89,2020-05-29,0.0,Arkansas,AS,3,4,5,89,5,4,5,,,,,0,0,0,0,0,0,0,0,0,0
90,2020-05-30,0.0,Arkansas,AS,3,5,5,90,5,5,5,,,,,0,0,0,0,0,0,0,0,0,0
91,2020-05-31,0.0,Arkansas,AS,3,6,5,91,5,6,5,,,,,0,0,0,0,0,0,0,0,0,0
92,2020-06-01,0.0,Arkansas,AS,3,0,6,92,1,0,1,,,,,0,0,0,0,0,0,0,0,0,0
93,2020-06-02,0.0,Arkansas,AS,3,1,6,93,1,1,1,,,,,0,0,0,0,0,0,0,0,0,0
94,2020-06-03,0.0,Arkansas,AS,3,2,6,94,1,2,1,,,,,0,0,0,0,0,0,0,0,0,0
95,2020-06-04,0.0,Arkansas,AS,3,3,6,95,1,3,1,,,,,0,0,0,0,0,0,0,0,0,0
96,2020-06-05,0.0,Arkansas,AS,3,4,6,96,1,4,1,,,,,0,0,0,0,0,0,0,0,0,0
97,2020-06-06,0.0,Arkansas,AS,3,5,6,97,1,5,1,,,,,0,0,0,0,0,0,0,0,0,0
98,2020-06-07,0.0,Arkansas,AS,3,6,6,98,2,6,2,,,,,0,0,0,0,0,0,0,0,0,0
99,2020-06-08,0.0,Arkansas,AS,3,0,6,99,2,0,2,,,,,0,0,0,0,0,0,0,0,0,0
100,2020-06-09,0.0,Arkansas,AS,3,1,6,100,2,1,2,,,,,0,0,0,0,0,0,0,0,0,0
101,2020-06-10,0.0,Arkansas,AS,3,2,6,101,2,2,2,,,,,0,0,0,0,0,0,0,0,0,0
102,2020-06-11,0.0,Arkansas,AS,3,3,6,102,2,3,2,,,,,0,0,0,0,0,0,0,0,0,0
103,2020-06-12,0.0,Arkansas,AS,3,4,6,103,2,4,2,,,,,0,0,0,0,0,0,0,0,0,0
104,2020-06-13,0.0,Arkansas,AS,3,5,6,104,2,5,2,,,,,0,0,0,0,0,0,0,0,0,0
105,2020-06-14,0.0,Arkansas,AS,3,6,6,105,3,6,3,,,,,0,0,0,0,0,0,0,0,0,0
106,2020-06-15,0.0,Arkansas,AS,3,0,6,106,3,0,3,,,,,0,0,0,0,0,0,0,0,0,0
107,2020-06-16,0.0,Arkansas,AS,3,1,6,107,3,1,3,,,,,0,0,0,0,0,0,0,0,0,0
108,2020-06-17,0.0,Arkansas,AS,3,2,6,108,3,2,3,,,,,0,0,0,0,0,0,0,0,0,0
109,2020-06-18,0.0,Arkansas,AS,3,3,6,109,3,3,3,,,,,0,0,0,0,0,0,0,0,0,0
110,2020-06-19,0.0,Arkansas,AS,3,4,6,110,3,4,3,,,,,0,0,0,0,0,0,0,0,0,0
111,2020-06-20,0.0,Arkansas,AS,3,5,6,111,3,5,3,,,,,0,0,0,0,0,0,0,0,0,0
112,2020-06-21,0.0,Arkansas,AS,3,6,6,112,4,6,4,,,,,0,0,0,0,0,0,0,0,0,0
113,2020-06-22,0.0,Arkansas,AS,3,0,6,113,4,0,4,,,,,0,0,0,0,0,0,0,0,0,0
114,2020-06-23,0.0,Arkansas,AS,3,1,6,114,4,1,4,,,,,0,0,0,0,0,0,0,0,0,0
115,2020-06-24,0.0,Arkansas,AS,3,2,6,115,4,2,4,,,,,0,0,0,0,0,0,0,0,0,0
116,2020-06-25,0.0,Arkansas,AS,3,3,6,116,4,3,4,,,,,0,0,0,0,0,0,0,0,0,0
117,2020-06-26,0.0,Arkansas,AS,3,4,6,117,4,4,4,,,,,0,0,0,0,0,0,0,0,0,0
118,2020-06-27,0.0,Arkansas,AS,3,5,6,118,4,5,4,,,,,0,0,0,0,0,0,0,0,0,0
119,2020-06-28,0.0,Arkansas,AS,3,6,6,119,5,6,5,,,,,0,0,0,0,0,0,0,0,0,0
120,2020-06-29,0.0,Arkansas,AS,3,0,6,120,5,0,5,,,,,0,0,0,0,0,0,0,0,0,0
121,2020-06-30,0.0,Arkansas,AS,3,1,6,121,5,1,5,,,,,0,0,0,0,0,0,0,0,0,0
122,2020-07-01,0.0,Arkansas,AS,3,2,7,122,1,2,1,,,,,0,0,0,0,0,0,0,0,0,0
123,2020-07-02,0.0,Arkansas,AS,3,3,7,123,1,3,1,,,,,0,0,0,0,0,0,0,0,0,0
124,2020-07-03,0.0,Arkansas,AS,3,4,7,124,1,4,1,,,,,0,0,0,0,0,0,0,0,0,0
125,2020-07-04,0.0,Arkansas,AS,3,5,7,125,1,5,1,,,,,0,0,0,0,0,0,0,0,0,0
126,2020-07-05,0.0,Arkansas,AS,3,6,7,126,1,6,1,,,,,0,0,0,0,0,0,0,0,0,0
127,2020-07-06,0.0,Arkansas,AS,3,0,7,127,1,0,1,,,,,0,0,0,0,0,0,0,0,0,0
128,2020-07-07,0.0,Arkansas,AS,3,1,7,128,2,1,2,,,,,0,0,0,0,0,0,0,0,0,0
129,2020-07-08,0.0,Arkansas,AS,3,2,7,129,2,2,2,,,,,0,0,0,0,0,0,0,0,0,0
130,2020-07-09,0.0,Arkansas,AS,3,3,7,130,2,3,2,,,,,0,0,0,0,0,0,0,0,0,0
131,2020-07-10,0.0,Arkansas,AS,3,4,7,131,2,4,2,,,,,0,0,0,0,0,0,0,0,0,0
132,2020-07-11,0.0,Arkansas,AS,3,5,7,132,2,5,2,,,,,0,0,0,0,0,0,0,0,0,0
133,2020-07-12,0.0,Arkansas,AS,3,6,7,133,2,6,2,,,,,0,0,0,0,0,0,0,0,0,0
134,2020-07-13,0.0,Arkansas,AS,3,0,7,134,2,0,2,,,,,0,0,0,0,0,0,0,0,0,0
135,2020-07-14,0.0,Arkansas,AS,3,1,7,135,3,1,3,,,,,0,0,0,0,0,0,0,0,0,0
136,2020-07-15,0.0,Arkansas,AS,3,2,7,136,3,2,3,,,,,0,0,0,0,0,0,0,0,0,0
137,2020-07-16,0.0,Arkansas,AS,3,3,7,137,3,3,3,,,,,0,0,0,0,0,0,0,0,0,0
138,2020-07-17,0.0,Arkansas,AS,3,4,7,138,3,4,3,,,,,0,0,0,0,0,0,0,0,0,0
139,2020-07-18,0.0,Arkansas,AS,3,5,7,139,3,5,3,,,,,0,0,0,0,0,0,0,0,0,0
140,2020-07-19,0.0,Arkansas,AS,3,6,7,140,3,6,3,,,,,0,0,0,0,0,0,0,0,0,0
141,2020-07-20,0.0,Arkansas,AS,3,0,7,141,3,0,3,,,,,0,0,0,0,0,0,0,0,0,0
142,2020-07-21,0.0,Arkansas,AS,3,1,7,142,4,1,4,,,,,0,0,0,0,0,0,0,0,0,0
143,2020-07-22,0.0,Arkansas,AS,3,2,7,143,4,2,4,,,,,0,0,0,0,0,0,0,0,0,0
144,2020-07-23,0.0,Arkansas,AS,3,3,7,144,4,3,4,,,,,0,0,0,0,0,0,0,0,0,0
145,2020-07-24,0.0,Arkansas,AS,3,4,7,145,4,4,4,,,,,0,0,0,0,0,0,0,0,0,0
146,2020-07-25,0.0,Arkansas,AS,3,5,7,146,4,5,4,,,,,0,0,0,0,0,0,0,0,0,0
147,2020-07-26,0.0,Arkansas,AS,3,6,7,147,4,6,4,,,,,0,0,0,0,0,0,0,0,0,0
148,2020-07-27,0.0,Arkansas,AS,3,0,7,148,4,0,4,,,,,0,0,0,0,0,0,0,0,0,0
149,2020-07-28,0.0,Arkansas,AS,3,1,7,149,5,1,5,,,,,0,0,0,0,0,0,0,0,0,0
150,2020-07-29,0.0,Arkansas,AS,3,2,7,150,5,2,5,,,,,0,0,0,0,0,0,0,0,0,0
151,2020-07-30,0.0,Arkansas,AS,3,3,7,151,5,3,5,,,,,0,0,0,0,0,0,0,0,0,0
152,2020-07-31,0.0,Arkansas,AS,3,4,7,152,5,4,5,,,,,0,0,0,0,0,0,0,0,0,0
153,2020-08-01,0.0,Arkansas,AS,3,5,8,153,1,5,1,,,,,0,0,0,0,0,0,0,0,0,0
154,2020-08-02,0.0,Arkansas,AS,3,6,8,154,1,6,1,,,,,0,0,0,0,0,0,0,0,0,0
155,2020-08-03,0.0,Arkansas,AS,3,0,8,155,1,0,1,,,,,0,0,0,0,0,0,0,0,0,0
156,2020-08-04,0.0,Arkansas,AS,3,1,8,156,1,1,1,,,,,0,0,0,0,0,0,0,0,0,0
157,2020-08-05,0.0,Arkansas,AS,3,2,8,157,1,2,1,,,,,0,0,0,0,0,0,0,0,0,0
158,2020-08-06,0.0,Arkansas,AS,3,3,8,158,1,3,1,,,,,0,0,0,0,0,0,0,0,0,0
159,2020-08-07,0.0,Arkansas,AS,3,4,8,159,2,4,2,,,,,0,0,0,0,0,0,0,0,0,0
160,2020-08-08,0.0,Arkansas,AS,3,5,8,160,2,5,2,,,,,0,0,0,0,0,0,0,0,0,0
161,2020-08-09,0.0,Arkansas,AS,3,6,8,161,2,6,2,,,,,0,0,0,0,0,0,0,0,0,0
162,2020-08-10,0.0,Arkansas,AS,3,0,8,162,2,0,2,,,,,0,0,0,0,0,0,0,0,0,0
163,2020-08-11,0.0,Arkansas,AS,3,1,8,163,2,1,2,,,,,0,0,0,0,0,0,0,0,0,0
164,2020-08-12,0.0,Arkansas,AS,3,2,8,164,2,2,2,,,,,0,0,0,0,0,0,0,0,0,0
165,2020-08-13,0.0,Arkansas,AS,3,3,8,165,2,3,2,,,,,0,0,0,0,0,0,0,0,0,0
166,2020-08-14,0.0,Arkansas,AS,3,4,8,166,3,4,3,,,,,0,0,0,0,0,0,0,0,0,0
167,2020-08-15,0.0,Arkansas,AS,3,5,8,167,3,5,3,,,,,0,0,0,0,0,0,0,0,0,0
168,2020-08-16,0.0,Arkansas,AS,3,6,8,168,3,6,3,,,,,0,0,0,0,0,0,0,0,0,0
169,2020-08-17,0.0,Arkansas,AS,3,0,8,169,3,0,3,,,,,0,0,0,0,0,0,0,0,0,0
170,2020-08-18,0.0,Arkansas,AS,3,1,8,170,3,1,3,,,,,0,0,0,0,0,0,0,0,0,0
171,2020-08-19,0.0,Arkansas,AS,3,2,8,171,3,2,3,,,,,0,0,0,0,0,0,0,0,0,0
172,2020-08-20,0.0,Arkansas,AS,3,3,8,172,3,3,3,,,,,0,0,0,0,0,0,0,0,0,0
173,2020-08-21,0.0,Arkansas,AS,3,4,8,173,4,4,4,,,,,0,0,0,0,0,0,0,0,0,0
174,2020-08-22,0.0,Arkansas,AS,3,5,8,174,4,5,4,,,,,0,0,0,0,0,0,0,0,0,0
175,2020-08-23,0.0,Arkansas,AS,3,6,8,175,4,6,4,,,,,0,0,0,0,0,0,0,0,0,0
176,2020-08-24,0.0,Arkansas,AS,3,0,8,176,4,0,4,,,,,0,0,0,0,0,0,0,0,0,0
177,2020-08-25,0.0,Arkansas,AS,3,1,8,177,4,1,4,,,,,0,0,0,0,0,0,0,0,0,0
178,2020-08-26,0.0,Arkansas,AS,3,2,8,178,4,2,4,,,,,0,0,0,0,0,0,0,0,0,0
179,2020-08-27,0.0,Arkansas,AS,3,3,8,179,4,3,4,,,,,0,0,0,0,0,0,0,0,0,0
180,2020-08-28,0.0,Arkansas,AS,3,4,8,180,5,4,5,,,,,0,0,0,0,0,0,0,0,0,0
181,2020-08-29,0.0,Arkansas,AS,3,5,8,181,5,5,5,,,,,0,0,0,0,0,0,0,0,0,0
182,2020-08-30,0.0,Arkansas,AS,3,6,8,182,5,6,5,,,,,0,0,0,0,0,0,0,0,0,0
183,2020-08-31,0.0,Arkansas,AS,3,0,8,183,5,0,5,,,,,0,0,0,0,0,0,0,0,0,0
184,2020-09-01,0.0,Arkansas,AS,3,1,9,184,1,1,1,,,,,0,0,0,0,0,0,0,0,0,0
185,2020-09-02,0.0,Arkansas,AS,3,2,9,185,1,2,1,,,,,0,0,0,0,0,0,0,0,0,0
186,2020-09-03,0.0,Arkansas,AS,3,3,9,186,1,3,1,,,,,0,0,0,0,0,0,0,0,0,0
187,2020-09-04,0.0,Arkansas,AS,3,4,9,187,1,4,1,,,,,0,0,0,0,0,0,0,0,0,0
188,2020-09-05,0.0,Arkansas,AS,3,5,9,188,1,5,1,,,,,0,0,0,0,0,0,0,0,0,0
189,2020-09-06,0.0,Arkansas,AS,3,6,9,189,1,6,1,,,,,0,0,0,0,0,0,0,0,0,0
190,2020-09-07,0.0,Arkansas,AS,3,0,9,190,2,0,2,,,,,0,0,0,0,0,0,0,0,0,0
191,2020-09-08,0.0,Arkansas,AS,3,1,9,191,2,1,2,,,,,0,0,0,0,0,0,0,0,0,0
192,2020-09-09,0.0,Arkansas,AS,3,2,9,192,2,2,2,,,,,0,0,0,0,0,0,0,0,0,0
193,2020-09-10,0.0,Arkansas,AS,3,3,9,193,2,3,2,,,,,0,0,0,0,0,0,0,0,0,0
194,2020-09-11,0.0,Arkansas,AS,3,4,9,194,2,4,2,,,,,0,0,0,0,0,0,0,0,0,0
195,2020-09-12,0.0,Arkansas,AS,3,5,9,195,2,5,2,,,,,0,0,0,0,0,0,0,0,0,0
196,2020-09-13,0.0,Arkansas,AS,3,6,9,196,2,6,2,,,,,0,0,0,0,0,0,0,0,0,0
197,2020-09-14,0.0,Arkansas,AS,3,0,9,197,3,0,3,,,,,0,0,0,0,0,0,0,0,0,0
198,2020-09-15,0.0,Arkansas,AS,3,1,9,198,3,1,3,,,,,0,0,0,0,0,0,0,0,0,0
199,2020-09-16,0.0,Arkansas,AS,3,2,9,199,3,2,3,,,,,0,0,0,0,0,0,0,0,0,0
200,2020-09-17,0.0,Arkansas,AS,3,3,9,200,3,3,3,,,,,0,0,0,0,0,0,0,0,0,0
201,2020-09-18,0.0,Arkansas,AS,3,4,9,201,3,4,3,,,,,0,0,0,0,0,0,0,0,0,0
202,2020-09-19,0.0,Arkansas,AS,3,5,9,202,3,5,3,,,,,0,0,0,0,0,0,0,0,0,0
203,2020-09-20,0.0,Arkansas,AS,3,6,9,203,3,6,3,,,,,0,0,0,0,0,0,0,0,0,0
204,2020-09-21,0.0,Arkansas,AS,3,0,9,204,4,0,4,,,,,0,0,0,0,0,0,0,0,0,0
205,2020-09-22,0.0,Arkansas,AS,3,1,9,205,4,1,4,,,,,0,0,0,0,0,0,0,0,0,0
206,2020-09-23,0.0,Arkansas,AS,3,2,9,206,4,2,4,,,,,0,0,0,0,0,0,0,0,0,0
207,2020-09-24,0.0,Arkansas,AS,3,3,9,207,4,3,4,,,,,0,0,0,0,0,0,0,0,0,0
208,2020-09-25,0.0,Arkansas,AS,3,4,9,208,4,4,4,,,,,0,0,0,0,0,0,0,0,0,0
209,2020-09-26,0.0,Arkansas,AS,3,5,9,209,4,5,4,,,,,0,0,0,0,0,0,0,0,0,0
210,2020-09-27,0.0,Arkansas,AS,3,6,9,210,4,6,4,,,,,0,0,0,0,0,0,0,0,0,0
211,2020-09-28,0.0,Arkansas,AS,3,0,9,211,5,0,5,,,,,0,0,0,0,0,0,0,0,0,0
212,2020-09-29,0.0,Arkansas,AS,3,1,9,212,5,1,5,,,,,0,0,0,0,0,0,0,0,0,0
213,2020-09-30,0.0,Arkansas,AS,3,2,9,213,5,2,5,,,,,0,0,0,0,0,0,0,0,0,0
214,2020-10-01,0.0,Arkansas,AS,3,3,10,214,1,3,1,,,,,0,0,0,0,0,0,0,0,0,0
215,2020-10-02,0.0,Arkansas,AS,3,4,10,215,1,4,1,,,,,0,0,0,0,0,0,0,0,0,0
216,2020-10-03,0.0,Arkansas,AS,3,5,10,216,1,5,1,,,,,0,0,0,0,0,0,0,0,0,0
217,2020-10-04,0.0,Arkansas,AS,3,6,10,217,1,6,1,,,,,0,0,0,0,0,0,0,0,0,0
218,2020-10-05,0.0,Arkansas,AS,3,0,10,218,1,0,1,,,,,0,0,0,0,0,0,0,0,0,0
219,2020-10-06,0.0,Arkansas,AS,3,1,10,219,1,1,1,,,,,0,0,0,0,0,0,0,0,0,0
220,2020-10-07,0.0,Arkansas,AS,3,2,10,220,2,2,2,,,,,0,0,0,0,0,0,0,0,0,0
221,2020-10-08,0.0,Arkansas,AS,3,3,10,221,2,3,2,,,,,0,0,0,0,0,0,0,0,0,0
222,2020-10-09,0.0,Arkansas,AS,3,4,10,222,2,4,2,,,,,0,0,0,0,0,0,0,0,0,0
223,2020-10-10,0.0,Arkansas,AS,3,5,10,223,2,5,2,,,,,0,0,0,0,0,0,0,0,0,0
224,2020-10-11,0.0,Arkansas,AS,3,6,10,224,2,6,2,,,,,0,0,0,0,0,0,0,0,0,0
225,2020-10-12,0.0,Arkansas,AS,3,0,10,225,2,0,2,,,,,0,0,0,0,0,0,0,0,0,0
226,2020-10-13,0.0,Arkansas,AS,3,1,10,226,2,1,2,,,,,0,0,0,0,0,0,0,0,0,0
227,2020-10-14,0.0,Arkansas,AS,3,2,10,227,3,2,3,,,,,0,0,0,0,0,0,0,0,0,0
228,2020-10-15,0.0,Arkansas,AS,3,3,10,228,3,3,3,,,,,0,0,0,0,0,0,0,0,0,0
229,2020-10-16,0.0,Arkansas,AS,3,4,10,229,3,4,3,,,,,0,0,0,0,0,0,0,0,0,0
230,2020-10-17,0.0,Arkansas,AS,3,5,10,230,3,5,3,,,,,0,0,0,0,0,0,0,0,0,0
231,2020-10-18,0.0,Arkansas,AS,3,6,10,231,3,6,3,,,,,0,0,0,0,0,0,0,0,0,0
232,2020-10-19,0.0,Arkansas,AS,3,0,10,232,3,0,3,,,,,0,0,0,0,0,0,0,0,0,0
233,2020-10-20,0.0,Arkansas,AS,3,1,10,233,3,1,3,,,,,0,0,0,0,0,0,0,0,0,0
234,2020-10-21,0.0,Arkansas,AS,3,2,10,234,4,2,4,,,,,0,0,0,0,0,0,0,0,0,0
235,2020-10-22,0.0,Arkansas,AS,3,3,10,235,4,3,4,,,,,0,0,0,0,0,0,0,0,0,0
236,2020-10-23,0.0,Arkansas,AS,3,4,10,236,4,4,4,,,,,0,0,0,0,0,0,0,0,0,0
237,2020-10-24,0.0,Arkansas,AS,3,5,10,237,4,5,4,,,,,0,0,0,0,0,0,0,0,0,0
238,2020-10-25,0.0,Arkansas,AS,3,6,10,238,4,6,4,,,,,0,0,0,0,0,0,0,0,0,0
239,2020-10-26,0.0,Arkansas,AS,3,0,10,239,4,0,4,,,,,0,0,0,0,0,0,0,0,0,0
240,2020-10-27,0.0,Arkansas,AS,3,1,10,240,4,1,4,,,,,0,0,0,0,0,0,0,0,0,0
241,2020-10-28,0.0,Arkansas,AS,3,2,10,241,5,2,5,,,,,0,0,0,0,0,0,0,0,0,0
242,2020-10-29,0.0,Arkansas,AS,3,3,10,242,5,3,5,,,,,0,0,0,0,0,0,0,0,0,0
243,2020-10-30,0.0,Arkansas,AS,3,4,10,243,5,4,5,,,,,0,0,0,0,0,0,0,0,0,0
244,2020-10-31,0.0,Arkansas,AS,3,5,10,244,5,5,5,,,,,0,0,0,0,0,0,0,0,0,0
245,2020-11-01,0.0,Arkansas,AS,3,6,11,245,1,6,1,,,,,0,0,0,0,0,0,0,0,0,0
246,2020-11-02,0.0,Arkansas,AS,3,0,11,246,1,0,1,,,,,0,0,0,0,0,0,0,0,0,0
247,2020-11-03,0.0,Arkansas,AS,3,1,11,247,1,1,1,,,,,0,0,0,0,0,0,0,0,0,0
248,2020-11-04,0.0,Arkansas,AS,3,2,11,248,1,2,1,,,,,0,0,0,0,0,0,0,0,0,0
249,2020-11-05,0.0,Arkansas,AS,3,3,11,249,1,3,1,,,,,0,0,0,0,0,0,0,0,0,0
250,2020-11-06,0.0,Arkansas,AS,3,4,11,250,1,4,1,,,,,0,0,0,0,0,0,0,0,0,0
251,2020-11-07,0.0,Arkansas,AS,3,5,11,251,2,5,2,,,,,0,0,0,0,0,0,0,0,0,0
252,2020-11-08,0.0,Arkansas,AS,3,6,11,252,2,6,2,,,,,0,0,0,0,0,0,0,0,0,0
253,2020-11-09,0.0,Arkansas,AS,3,0,11,253,2,0,2,,,,,0,0,0,0,0,0,0,0,0,0
254,2020-11-10,0.0,Arkansas,AS,3,1,11,254,2,1,2,,,,,0,0,0,0,0,0,0,0,0,0
255,2020-11-11,0.0,Arkansas,AS,3,2,11,255,2,2,2,,,,,0,0,0,0,0,0,0,0,0,0
256,2020-11-12,0.0,Arkansas,AS,3,3,11,256,2,3,2,,,,,0,0,0,0,0,0,0,0,0,0
257,2020-11-13,0.0,Arkansas,AS,3,4,11,257,2,4,2,,,,,0,0,0,0,0,0,0,0,0,0
258,2020-11-14,0.0,Arkansas,AS,3,5,11,258,3,5,3,,,,,0,0,0,0,0,0,0,0,0,0
259,2020-11-15,0.0,Arkansas,AS,3,6,11,259,3,6,3,,,,,0,0,0,0,0,0,0,0,0,0
260,2020-11-16,0.0,Arkansas,AS,3,0,11,260,3,0,3,,,,,0,0,0,0,0,0,0,0,0,0
261,2020-11-17,0.0,Arkansas,AS,3,1,11,261,3,1,3,,,,,0,0,0,0,0,0,0,0,0,0
262,2020-11-18,0.0,Arkansas,AS,3,2,11,262,3,2,3,,,,,0,0,0,0,0,0,0,0,0,0
263,2020-11-19,0.0,Arkansas,AS,3,3,11,263,3,3,3,,,,,0,0,0,0,0,0,0,0,0,0
264,2020-11-20,0.0,Arkansas,AS,3,4,11,264,3,4,3,,,,,0,0,0,0,0,0,0,0,0,0
265,2020-11-21,0.0,Arkansas,AS,3,5,11,265,4,5,4,,,,,0,0,0,0,0,0,0,0,0,0
266,2020-11-22,0.0,Arkansas,AS,3,6,11,266,4,6,4,,,,,0,0,0,0,0,0,0,0,0,0
267,2020-11-23,0.0,Arkansas,AS,3,0,11,267,4,0,4,,,,,0,0,0,0,0,0,0,0,0,0
268,2020-11-24,0.0,Arkansas,AS,3,1,11,268,4,1,4,,,,,0,0,0,0,0,0,0,0,0,0
269,2020-11-25,0.0,Arkansas,AS,3,2,11,269,4,2,4,,,,,0,0,0,0,0,0,0,0,0,0
270,2020-11-26,0.0,Arkansas,AS,3,3,11,270,4,3,4,,,,,0,0,0,0,0,0,0,0,0,0
271,2020-11-27,0.0,Arkansas,AS,3,4,11,271,4,4,4,,,,,0,0,0,0,0,0,0,0,0,0
272,2020-11-28,0.0,Arkansas,AS,3,5,11,272,5,5,5,,,,,0,0,0,0,0,0,0,0,0,0
273,2020-11-29,0.0,Arkansas,AS,3,6,11,273,5,6,5,,,,,0,0,0,0,0,0,0,0,0,0
274,2020-11-30,0.0,Arkansas,AS,3,0,11,274,5,0,5,,,,,0,0,0,0,0,0,0,0,0,0
275,2020-12-01,0.0,Arkansas,AS,3,1,12,275,1,1,1,,,,,0,0,0,0,0,0,0,0,0,0
276,2020-12-02,0.0,Arkansas,AS,3,2,12,276,1,2,1,,,,,0,0,0,0,0,0,0,0,0,0
277,2020-12-03,0.0,Arkansas,AS,3,3,12,277,1,3,1,,,,,0,0,0,0,0,0,0,0,0,0
278,2020-12-04,0.0,Arkansas,AS,3,4,12,278,1,4,1,,,,,0,0,0,0,0,0,0,0,0,0
279,2020-12-05,0.0,Arkansas,AS,3,5,12,279,1,5,1,,,,,0,0,0,0,0,0,0,0,0,0
280,2020-12-06,0.0,Arkansas,AS,3,6,12,280,1,6,1,,,,,0,0,0,0,0,0,0,0,0,0
281,2020-12-07,0.0,Arkansas,AS,3,0,12,281,2,0,2,,,,,0,0,0,0,0,0,0,0,0,0
282,2020-12-08,0.0,Arkansas,AS,3,1,12,282,2,1,2,,,,,0,0,0,0,0,0,0,0,0,0
283,2020-12-09,0.0,Arkansas,AS,3,2,12,283,2,2,2,,,,,0,0,0,0,0,0,0,0,0,0
284,2020-12-10,0.0,Arkansas,AS,3,3,12,284,2,3,2,,,,,0,0,0,0,0,0,0,0,0,0
285,2020-12-11,0.0,Arkansas,AS,3,4,12,285,2,4,2,,,,,0,0,0,0,0,0,0,0,0,0
286,2020-12-12,0.0,Arkansas,AS,3,5,12,286,2,5,2,,,,,0,0,0,0,0,0,0,0,0,0
287,2020-12-13,0.0,Arkansas,AS,3,6,12,287,2,6,2,,,,,0,0,0,0,0,0,0,0,0,0
288,2020-12-14,0.0,Arkansas,AS,3,0,12,288,3,0,3,,,,,0,0,0,0,0,0,0,0,0,0
289,2020-12-15,0.0,Arkansas,AS,3,1,12,289,3,1,3,,,,,0,0,0,0,0,0,0,0,0,0
290,2020-12-16,0.0,Arkansas,AS,3,2,12,290,3,2,3,,,,,0,0,0,0,0,0,0,0,0,0
291,2020-12-17,0.0,Arkansas,AS,3,3,12,291,3,3,3,,,,,0,0,0,0,0,0,0,0,0,0
292,2020-12-18,0.0,Arkansas,AS,3,4,12,292,3,4,3,,,,,0,0,0,0,0,0,0,0,0,0
293,2020-12-19,0.0,Arkansas,AS,3,5,12,293,3,5,3,,,,,0,0,0,0,0,0,0,0,0,0
294,2020-12-20,0.0,Arkansas,AS,3,6,12,294,3,6,3,,,,,0,0,0,0,0,0,0,0,0,0
295,2020-12-21,0.0,Arkansas,AS,3,0,12,295,4,0,4,,,,,0,0,0,0,0,0,0,0,0,0
296,2020-12-22,0.0,Arkansas,AS,3,1,12,296,4,1,4,,,,,0,0,0,0,0,0,0,0,0,0
297,2020-12-23,0.0,Arkansas,AS,3,2,12,297,4,2,4,,,,,0,0,0,0,0,0,0,0,0,0
298,2020-12-24,0.0,Arkansas,AS,3,3,12,298,4,3,4,,,,,0,0,0,0,0,0,0,0,0,0
299,2020-12-25,0.0,Arkansas,AS,3,4,12,299,4,4,4,,,,,0,0,0,0,0,0,0,0,0,0
300,2020-12-26,0.0,Arkansas,AS,3,5,12,300,4,5,4,,,,,0,0,0,0,0,0,0,0,0,0
301,2020-12-27,0.0,Arkansas,AS,3,6,12,301,4,6,4,,,,,0,0,0,0,0,0,0,0,0,0
302,2020-12-28,0.0,Arkansas,AS,3,0,12,302,5,0,5,,,,,0,0,0,0,0,0,0,0,0,0
303,2020-12-29,0.0,Arkansas,AS,3,1,12,303,5,1,5,,,,,0,0,0,0,0,0,0,0,0,0
304,2020-12-30,0.0,Arkansas,AS,3,2,12,304,5,2,5,,,,,0,0,0,0,0,0,0,0,0,0
305,2020-12-31,0.0,Arkansas,AS,3,3,12,305,5,3,5,,,,,0,0,0,0,0,0,0,0,0,0
306,2021-01-01,0.0,Arkansas,AS,3,4,1,306,1,4,1,,,,,0,0,0,0,0,0,0,0,0,0
307,2021-01-02,0.0,Arkansas,AS,3,5,1,307,1,5,1,,,,,0,0,0,0,0,0,0,0,0,0
308,2021-01-03,0.0,Arkansas,AS,3,6,1,308,1,6,1,,,,,0,0,0,0,0,0,0,0,0,0
309,2021-01-04,0.0,Arkansas,AS,3,0,1,309,1,0,1,,,,,0,0,0,0,0,0,0,0,0,0
310,2021-01-05,0.0,Arkansas,AS,3,1,1,310,1,1,1,,,,,0,0,0,0,0,0,0,0,0,0
311,2021-01-06,0.0,Arkansas,AS,3,2,1,311,1,2,1,,,,,0,0,0,0,0,0,0,0,0,0
312,2021-01-07,0.0,Arkansas,AS,3,3,1,312,2,3,2,,,,,0,0,0,0,0,0,0,0,0,0
313,2021-01-08,0.0,Arkansas,AS,3,4,1,313,2,4,2,,,,,0,0,0,0,0,0,0,0,0,0
314,2021-01-09,0.0,Arkansas,AS,3,5,1,314,2,5,2,,,,,0,0,0,0,0,0,0,0,0,0
315,2021-01-10,0.0,Arkansas,AS,3,6,1,315,2,6,2,,,,,0,0,0,0,0,0,0,0,0,0
316,2021-01-11,0.0,Arkansas,AS,3,0,1,316,2,0,2,,,,,0,0,0,0,0,0,0,0,0,0
317,2021-01-12,0.0,Arkansas,AS,3,1,1,317,2,1,2,,,,,0,0,0,0,0,0,0,0,0,0
318,2021-01-13,0.0,Arkansas,AS,3,2,1,318,2,2,2,,,,,0,0,0,0,0,0,0,0,0,0
319,2021-01-14,0.0,Arkansas,AS,3,3,1,319,3,3,3,,,,,0,0,0,0,0,0,0,0,0,0
320,2021-01-15,0.0,Arkansas,AS,3,4,1,320,3,4,3,,,,,0,0,0,0,0,0,0,0,0,0
321,2021-01-16,0.0,Arkansas,AS,3,5,1,321,3,5,3,,,,,0,0,0,0,0,0,0,0,0,0
322,2021-01-17,0.0,Arkansas,AS,3,6,1,322,3,6,3,,,,,0,0,0,0,0,0,0,0,0,0
323,2021-01-18,0.0,Arkansas,AS,3,0,1,323,3,0,3,,,,,0,0,0,0,0,0,0,0,0,0
324,2021-01-19,0.0,Arkansas,AS,3,1,1,324,3,1,3,,,,,0,0,0,0,0,0,0,0,0,0
325,2021-01-20,0.0,Arkansas,AS,3,2,1,325,3,2,3,,,,,0,0,0,0,0,0,0,0,0,0
326,2021-01-21,0.0,Arkansas,AS,3,3,1,326,4,3,4,,,,,0,0,0,0,0,0,0,0,0,0
327,2021-01-22,0.0,Arkansas,AS,3,4,1,327,4,4,4,,,,,0,0,0,0,0,0,0,0,0,0
328,2021-01-23,0.0,Arkansas,AS,3,5,1,328,4,5,4,,,,,0,0,0,0,0,0,0,0,0,0
329,2021-01-24,0.0,Arkansas,AS,3,6,1,329,4,6,4,,,,,0,0,0,0,0,0,0,0,0,0
330,2021-01-25,0.0,Arkansas,AS,3,0,1,330,4,0,4,,,,,0,0,0,0,0,0,0,0,0,0
331,2021-01-26,0.0,Arkansas,AS,3,1,1,331,4,1,4,,,,,0,0,0,0,0,0,0,0,0,0
332,2021-01-27,0.0,Arkansas,AS,3,2,1,332,4,2,4,,,,,0,0,0,0,0,0,0,0,0,0
333,2021-01-28,0.0,Arkansas,AS,3,3,1,333,5,3,5,,,,,0,0,0,0,0,0,0,0,0,0
334,2021-01-29,0.0,Arkansas,AS,3,4,1,334,5,4,5,,,,,0,0,0,0,0,0,0,0,0,0
335,2021-01-30,0.0,Arkansas,AS,3,5,1,335,5,5,5,,,,,0,0,0,0,0,0,0,0,0,0
336,2021-01-31,0.0,Arkansas,AS,3,6,1,336,5,6,5,,,,,0,0,0,0,0,0,0,0,0,0
337,2021-02-01,0.0,Arkansas,AS,3,0,2,337,1,0,1,,,,,0,0,0,0,0,0,0,0,0,0
338,2021-02-02,0.0,Arkansas,AS,3,1,2,338,1,1,1,,,,,0,0,0,0,0,0,0,0,0,0
339,2021-02-03,0.0,Arkansas,AS,3,2,2,339,1,2,1,,,,,0,0,0,0,0,0,0,0,0,0
340,2021-02-04,0.0,Arkansas,AS,3,3,2,340,1,3,1,,,,,0,0,0,0,0,0,0,0,0,0
341,2021-02-05,0.0,Arkansas,AS,3,4,2,341,1,4,1,,,,,0,0,0,0,0,0,0,0,0,0
342,2021-02-06,0.0,Arkansas,AS,3,5,2,342,1,5,1,,,,,0,0,0,0,0,0,0,0,0,0
343,2021-02-07,0.0,Arkansas,AS,3,6,2,343,2,6,2,,,,,0,0,0,0,0,0,0,0,0,0
344,2021-02-08,0.0,Arkansas,AS,3,0,2,344,2,0,2,,,,,0,0,0,0,0,0,0,0,0,0
345,2021-02-09,0.0,Arkansas,AS,3,1,2,345,2,1,2,,,,,0,0,0,0,0,0,0,0,0,0
346,2021-02-10,0.0,Arkansas,AS,3,2,2,346,2,2,2,,,,,0,0,0,0,0,0,0,0,0,0
347,2021-02-11,0.0,Arkansas,AS,3,3,2,347,2,3,2,,,,,0,0,0,0,0,0,0,0,0,0
348,2021-02-12,0.0,Arkansas,AS,3,4,2,348,2,4,2,,,,,0,0,0,0,0,0,0,0,0,0
349,2021-02-13,0.0,Arkansas,AS,3,5,2,349,2,5,2,,,,,0,0,0,0,0,0,0,0,0,0
350,2021-02-14,0.0,Arkansas,AS,3,6,2,350,3,6,3,,,,,0,0,0,0,0,0,0,0,0,0
351,2021-02-15,0.0,Arkansas,AS,3,0,2,351,3,0,3,,,,,0,0,0,0,0,0,0,0,0,0
352,2021-02-16,0.0,Arkansas,AS,3,1,2,352,3,1,3,,,,,0,0,0,0,0,0,0,0,0,0
353,2021-02-17,0.0,Arkansas,AS,3,2,2,353,3,2,3,,,,,0,0,0,0,0,0,0,0,0,0
354,2021-02-18,0.0,Arkansas,AS,3,3,2,354,3,3,3,,,,,0,0,0,0,0,0,0,0,0,0
355,2021-02-19,0.0,Arkansas,AS,3,4,2,355,3,4,3,,,,,0,0,0,0,0,0,0,0,0,0
356,2021-02-20,0.0,Arkansas,AS,3,5,2,356,3,5,3,,,,,0,0,0,0,0,0,0,0,0,0
357,2021-02-21,0.0,Arkansas,AS,3,6,2,357,4,6,4,,,,,0,0,0,0,0,0,0,0,0,0
358,2021-02-22,0.0,Arkansas,AS,3,0,2,358,4,0,4,,,,,0,0,0,0,0,0,0,0,0,0
359,2021-02-23,0.0,Arkansas,AS,3,1,2,359,4,1,4,,,,,0,0,0,0,0,0,0,0,0,0
360,2021-02-24,0.0,Arkansas,AS,3,2,2,360,4,2,4,,,,,0,0,0,0,0,0,0,0,0,0
361,2021-02-25,0.0,Arkansas,AS,3,3,2,361,4,3,4,,,,,0,0,0,0,0,0,0,0,0,0
362,2021-02-26,0.0,Arkansas,AS,3,4,2,362,4,4,4,,,,,0,0,0,0,0,0,0,0,0,0
363,2021-02-27,0.0,Arkansas,AS,3,5,2,363,4,5,4,,,,,0,0,0,0,0,0,0,0,0,0
364,2021-02-28,0.0,Arkansas,AS,3,6,2,364,5,6,5,,,,,0,0,0,0,0,0,0,0,0,0
365,2021-03-01,0.0,Arkansas,AS,3,0,3,365,1,0,1,,,,,0,0,0,0,0,0,0,0,0,0
366,2021-03-02,0.0,Arkansas,AS,3,1,3,366,1,1,1,,,,,0,0,0,0,0,0,0,0,0,0
367,2021-03-03,0.0,Arkansas,AS,3,2,3,367,1,2,1,,,,,0,0,0,0,0,0,0,0,0,0
368,2021-03-04,0.0,Arkansas,AS,3,3,3,368,1,3,1,,,,,0,0,0,0,0,0,0,0,0,0
369,2021-03-05,0.0,Arkansas,AS,3,4,3,369,1,4,1,,,,,0,0,0,0,0,0,0,0,0,0
370,2021-03-06,0.0,Arkansas,AS,3,5,3,370,1,5,1,,,,,0,0,0,0,0,0,0,0,0,0
371,2021-03-07,0.0,Arkansas,AS,3,6,3,371,2,6,2,,,,,0,0,0,0,0,0,0,0,0,0
372,2021-03-08,0.0,Arkansas,AS,3,0,3,372,2,0,2,,,,,0,0,0,0,0,0,0,0,0,0
373,2021-03-09,0.0,Arkansas,AS,3,1,3,373,2,1,2,,,,,0,0,0,0,0,0,0,0,0,0
374,2021-03-10,0.0,Arkansas,AS,3,2,3,374,2,2,2,,,,,0,0,0,0,0,0,0,0,0,0
375,2021-03-11,0.0,Arkansas,AS,3,3,3,375,2,3,2,,,,,0,0,0,0,0,0,0,0,0,0
376,2021-03-12,0.0,Arkansas,AS,3,4,3,376,2,4,2,,,,,0,0,0,0,0,0,0,0,0,0
377,2021-03-13,0.0,Arkansas,AS,3,5,3,377,2,5,2,,,,,0,0,0,0,0,0,0,0,0,0
378,2021-03-14,0.0,Arkansas,AS,3,6,3,378,3,6,3,,,,,0,0,0,0,0,0,0,0,0,0
379,2021-03-15,0.0,Arkansas,AS,3,0,3,379,3,0,3,,,,,0,0,0,0,0,0,0,0,0,0
380,2021-03-16,0.0,Arkansas,AS,3,1,3,380,3,1,3,,,,,0,0,0,0,0,0,0,0,0,0
381,2021-03-17,0.0,Arkansas,AS,3,2,3,381,3,2,3,,,,,0,0,0,0,0,0,0,0,0,0
382,2021-03-18,0.0,Arkansas,AS,3,3,3,382,3,3,3,,,,,0,0,0,0,0,0,0,0,0,0
383,2021-03-19,0.0,Arkansas,AS,3,4,3,383,3,4,3,,,,,0,0,0,0,0,0,0,0,0,0
384,2021-03-20,0.0,Arkansas,AS,3,5,3,384,3,5,3,,,,,0,0,0,0,0,0,0,0,0,0
385,2021-03-21,0.0,Arkansas,AS,3,6,3,385,4,6,4,,,,,0,0,0,0,0,0,0,0,0,0
386,2021-03-22,0.0,Arkansas,AS,3,0,3,386,4,0,4,,,,,0,0,0,0,0,0,0,0,0,0
387,2021-03-23,0.0,Arkansas,AS,3,1,3,387,4,1,4,,,,,0,0,0,0,0,0,0,0,0,0
388,2021-03-24,0.0,Arkansas,AS,3,2,3,388,4,2,4,,,,,0,0,0,0,0,0,0,0,0,0
389,2021-03-25,0.0,Arkansas,AS,3,3,3,389,4,3,4,,,,,0,0,0,0,0,0,0,0,0,0
390,2021-03-26,0.0,Arkansas,AS,3,4,3,390,4,4,4,,,,,0,0,0,0,0,0,0,0,0,0
391,2021-03-27,0.0,Arkansas,AS,3,5,3,391,4,5,4,,,,,0,0,0,0,0,0,0,0,0,0
392,2021-03-28,0.0,Arkansas,AS,3,6,3,392,5,6,5,,,,,0,0,0,0,0,0,0,0,0,0
393,2021-03-29,0.0,Arkansas,AS,3,0,3,393,5,0,5,,,,,0,0,0,0,0,0,0,0,0,0
394,2021-03-30,0.0,Arkansas,AS,3,1,3,394,5,1,5,,,,,0,0,0,0,0,0,0,0,0,0
395,2021-03-31,0.0,Arkansas,AS,3,2,3,395,5,2,5,,,,,0,0,0,0,0,0,0,0,0,0
396,2021-04-01,0.0,Arkansas,AS,3,3,4,396,1,3,1,,,,,0,0,0,0,0,0,0,0,0,0
397,2021-04-02,0.0,Arkansas,AS,3,4,4,397,1,4,1,,,,,0,0,0,0,0,0,0,0,0,0
398,2021-04-03,0.0,Arkansas,AS,3,5,4,398,1,5,1,,,,,0,0,0,0,0,0,0,0,0,0
399,2021-04-04,0.0,Arkansas,AS,3,6,4,399,1,6,1,,,,,0,0,0,0,0,0,0,0,0,0
400,2021-04-05,0.0,Arkansas,AS,3,0,4,400,1,0,1,,,,,0,0,0,0,0,0,0,0,0,0
401,2021-04-06,0.0,Arkansas,AS,3,1,4,401,1,1,1,,,,,0,0,0,0,0,0,0,0,0,0
402,2021-04-07,0.0,Arkansas,AS,3,2,4,402,2,2,2,,,,,0,0,0,0,0,0,0,0,0,0
403,2021-04-08,0.0,Arkansas,AS,3,3,4,403,2,3,2,,,,,0,0,0,0,0,0,0,0,0,0
404,2021-04-09,0.0,Arkansas,AS,3,4,4,404,2,4,2,,,,,0,0,0,0,0,0,0,0,0,0
405,2021-04-10,0.0,Arkansas,AS,3,5,4,405,2,5,2,,,,,0,0,0,0,0,0,0,0,0,0
406,2021-04-11,0.0,Arkansas,AS,3,6,4,406,2,6,2,,,,,0,0,0,0,0,0,0,0,0,0
407,2021-04-12,0.0,Arkansas,AS,3,0,4,407,2,0,2,,,,,0,0,0,0,0,0,0,0,0,0
408,2021-04-13,0.0,Arkansas,AS,3,1,4,408,2,1,2,,,,,0,0,0,0,0,0,0,0,0,0
409,2021-04-14,0.0,Arkansas,AS,3,2,4,409,3,2,3,,,,,0,0,0,0,0,0,0,0,0,0
410,2021-04-15,0.0,Arkansas,AS,3,3,4,410,3,3,3,,,,,0,0,0,0,0,0,0,0,0,0
411,2021-04-16,0.0,Arkansas,AS,3,4,4,411,3,4,3,,,,,0,0,0,0,0,0,0,0,0,0
412,2021-04-17,0.0,Arkansas,AS,3,5,4,412,3,5,3,,,,,0,0,0,0,0,0,0,0,0,0
413,2021-04-18,0.0,Arkansas,AS,3,6,4,413,3,6,3,,,,,0,0,0,0,0,0,0,0,0,0
414,2021-04-19,0.0,Arkansas,AS,3,0,4,414,3,0,3,,,,,0,0,0,0,0,0,0,0,0,0
415,2021-04-20,0.0,Arkansas,AS,3,1,4,415,3,1,3,,,,,0,0,0,0,0,0,0,0,0,0
416,2021-04-21,0.0,Arkansas,AS,3,2,4,416,4,2,4,,,,,0,0,0,0,0,0,0,0,0,0
417,2021-04-22,0.0,Arkansas,AS,3,3,4,417,4,3,4,,,,,0,0,0,0,0,0,0,0,0,0
418,2021-04-23,0.0,Arkansas,AS,3,4,4,418,4,4,4,,,,,0,0,0,0,0,0,0,0,0,0
419,2021-04-24,0.0,Arkansas,AS,3,5,4,419,4,5,4,,,,,0,0,0,0,0,0,0,0,0,0
420,2021-04-25,0.0,Arkansas,AS,3,6,4,420,4,6,4,,,,,0,0,0,0,0,0,0,0,0,0
421,2021-04-26,0.0,Arkansas,AS,3,0,4,421,4,0,4,,,,,0,0,0,0,0,0,0,0,0,0
422,2021-04-27,0.0,Arkansas,AS,3,1,4,422,4,1,4,,,,,0,0,0,0,0,0,0,0,0,0
423,2021-04-28,0.0,Arkansas,AS,3,2,4,423,5,2,5,,,,,0,0,0,0,0,0,0,0,0,0
424,2021-04-29,0.0,Arkansas,AS,3,3,4,424,5,3,5,,,,,0,0,0,0,0,0,0,0,0,0
425,2021-04-30,0.0,Arkansas,AS,3,4,4,425,5,4,5,,,,,0,0,0,0,0,0,0,0,0,0
426,2021-05-01,0.0,Arkansas,AS,3,5,5,426,1,5,1,,,,,0,0,0,0,0,0,0,0,0,0
427,2021-05-02,0.0,Arkansas,AS,3,6,5,427,1,6,1,,,,,0,0,0,0,0,0,0,0,0,0
428,2021-05-03,0.0,Arkansas,AS,3,0,5,428,1,0,1,,,,,0,0,0,0,0,0,0,0,0,0
429,2021-05-04,0.0,Arkansas,AS,3,1,5,429,1,1,1,,,,,0,0,0,0,0,0,0,0,0,0
430,2021-05-05,0.0,Arkansas,AS,3,2,5,430,1,2,1,,,,,0,0,0,0,0,0,0,0,0,0
431,2021-05-06,0.0,Arkansas,AS,3,3,5,431,1,3,1,,,,,0,0,0,0,0,0,0,0,0,0
432,2021-05-07,0.0,Arkansas,AS,3,4,5,432,2,4,2,,,,,0,0,0,0,0,0,0,0,0,0
433,2021-05-08,0.0,Arkansas,AS,3,5,5,433,2,5,2,,,,,0,0,0,0,0,0,0,0,0,0
434,2021-05-09,0.0,Arkansas,AS,3,6,5,434,2,6,2,,,,,0,0,0,0,0,0,0,0,0,0
435,2021-05-10,0.0,Arkansas,AS,3,0,5,435,2,0,2,,,,,0,0,0,0,0,0,0,0,0,0
436,2021-05-11,0.0,Arkansas,AS,3,1,5,436,2,1,2,,,,,0,0,0,0,0,0,0,0,0,0
437,2021-05-12,0.0,Arkansas,AS,3,2,5,437,2,2,2,,,,,0,0,0,0,0,0,0,0,0,0
438,2021-05-13,0.0,Arkansas,AS,3,3,5,438,2,3,2,,,,,0,0,0,0,0,0,0,0,0,0
439,2021-05-14,0.0,Arkansas,AS,3,4,5,439,3,4,3,,,,,0,0,0,0,0,0,0,0,0,0
440,2021-05-15,0.0,Arkansas,AS,3,5,5,440,3,5,3,,,,,0,0,0,0,0,0,0,0,0,0
441,2021-05-16,0.0,Arkansas,AS,3,6,5,441,3,6,3,,,,,0,0,0,0,0,0,0,0,0,0
442,2021-05-17,0.0,Arkansas,AS,3,0,5,442,3,0,3,,,,,0,0,0,0,0,0,0,0,0,0
443,2021-05-18,0.0,Arkansas,AS,3,1,5,443,3,1,3,,,,,0,0,0,0,0,0,0,0,0,0
444,2021-05-19,0.0,Arkansas,AS,3,2,5,444,3,2,3,,,,,0,0,0,0,0,0,0,0,0,0
445,2021-05-20,0.0,Arkansas,AS,3,3,5,445,3,3,3,,,,,0,0,0,0,0,0,0,0,0,0
446,2021-05-21,0.0,Arkansas,AS,3,4,5,446,4,4,4,,,,,0,0,0,0,0,0,0,0,0,0
447,2021-05-22,0.0,Arkansas,AS,3,5,5,447,4,5,4,,,,,0,0,0,0,0,0,0,0,0,0
448,2021-05-23,0.0,Arkansas,AS,3,6,5,448,4,6,4,,,,,0,0,0,0,0,0,0,0,0,0
449,2021-05-24,0.0,Arkansas,AS,3,0,5,449,4,0,4,,,,,0,0,0,0,0,0,0,0,0,0
450,2021-05-25,0.0,Arkansas,AS,3,1,5,450,4,1,4,,,,,0,0,0,0,0,0,0,0,0,0
451,2021-05-26,0.0,Arkansas,AS,3,2,5,451,4,2,4,,,,,0,0,0,0,0,0,0,0,0,0
452,2021-05-27,0.0,Arkansas,AS,3,3,5,452,4,3,4,,,,,0,0,0,0,0,0,0,0,0,0
453,2021-05-28,0.0,Arkansas,AS,3,4,5,453,5,4,5,,,,,0,0,0,0,0,0,0,0,0,0
454,2021-05-29,0.0,Arkansas,AS,3,5,5,454,5,5,5,,,,,0,0,0,0,0,0,0,0,0,0
455,2021-05-30,0.0,Arkansas,AS,3,6,5,455,5,6,5,,,,,0,0,0,0,0,0,0,0,0,0
456,2021-05-31,0.0,Arkansas,AS,3,0,5,456,5,0,5,,,,,0,0,0,0,0,0,0,0,0,0
457,2021-06-01,0.0,Arkansas,AS,3,1,6,457,1,1,1,,,,,0,0,0,0,0,0,0,0,0,0
458,2021-06-02,0.0,Arkansas,AS,3,2,6,458,1,2,1,,,,,0,0,0,0,0,0,0,0,0,0
459,2021-06-03,0.0,Arkansas,AS,3,3,6,459,1,3,1,,,,,0,0,0,0,0,0,0,0,0,0
460,2021-06-04,0.0,Arkansas,AS,3,4,6,460,1,4,1,,,,,0,0,0,0,0,0,0,0,0,0
461,2021-06-05,0.0,Arkansas,AS,3,5,6,461,1,5,1,,,,,0,0,0,0,0,0,0,0,0,0
462,2021-06-06,0.0,Arkansas,AS,3,6,6,462,1,6,1,,,,,0,0,0,0,0,0,0,0,0,0
463,2021-06-07,0.0,Arkansas,AS,3,0,6,463,2,0,2,,,,,0,0,0,0,0,0,0,0,0,0
464,2021-06-08,0.0,Arkansas,AS,3,1,6,464,2,1,2,,,,,0,0,0,0,0,0,0,0,0,0
465,2021-06-09,0.0,Arkansas,AS,3,2,6,465,2,2,2,,,,,0,0,0,0,0,0,0,0,0,0
466,2021-06-10,0.0,Arkansas,AS,3,3,6,466,2,3,2,,,,,0,0,0,0,0,0,0,0,0,0
467,2021-06-11,0.0,Arkansas,AS,3,4,6,467,2,4,2,,,,,0,0,0,0,0,0,0,0,0,0
468,2021-06-12,0.0,Arkansas,AS,3,5,6,468,2,5,2,,,,,0,0,0,0,0,0,0,0,0,0
469,2021-06-13,0.0,Arkansas,AS,3,6,6,469,2,6,2,,,,,0,0,0,0,0,0,0,0,0,0
470,2021-06-14,0.0,Arkansas,AS,3,0,6,470,3,0,3,,,,,0,0,0,0,0,0,0,0,0,0
471,2021-06-15,0.0,Arkansas,AS,3,1,6,471,3,1,3,,,,,0,0,0,0,0,0,0,0,0,0
472,2021-06-16,0.0,Arkansas,AS,3,2,6,472,3,2,3,,,,,0,0,0,0,0,0,0,0,0,0
473,2021-06-17,0.0,Arkansas,AS,3,3,6,473,3,3,3,,,,,0,0,0,0,0,0,0,0,0,0
474,2021-06-18,0.0,Arkansas,AS,3,4,6,474,3,4,3,,,,,0,0,0,0,0,0,0,0,0,0
475,2021-06-19,0.0,Arkansas,AS,3,5,6,475,3,5,3,,,,,0,0,0,0,0,0,0,0,0,0
476,2021-06-20,0.0,Arkansas,AS,3,6,6,476,3,6,3,,,,,0,0,0,0,0,0,0,0,0,0
477,2021-06-21,0.0,Arkansas,AS,3,0,6,477,4,0,4,,,,,0,0,0,0,0,0,0,0,0,0
478,2021-06-22,0.0,Arkansas,AS,3,1,6,478,4,1,4,,,,,0,0,0,0,0,0,0,0,0,0
479,2021-06-23,0.0,Arkansas,AS,3,2,6,479,4,2,4,,,,,0,0,0,0,0,0,0,0,0,0
480,2021-06-24,0.0,Arkansas,AS,3,3,6,480,4,3,4,,,,,0,0,0,0,0,0,0,0,0,0
481,2021-06-25,0.0,Arkansas,AS,3,4,6,481,4,4,4,,,,,0,0,0,0,0,0,0,0,0,0
482,2021-06-26,0.0,Arkansas,AS,3,5,6,482,4,5,4,,,,,0,0,0,0,0,0,0,0,0,0
483,2021-06-27,0.0,Arkansas,AS,3,6,6,483,4,6,4,,,,,0,0,0,0,0,0,0,0,0,0
484,2021-06-28,0.0,Arkansas,AS,3,0,6,484,5,0,5,,,,,0,0,0,0,0,0,0,0,0,0
485,2021-06-29,0.0,Arkansas,AS,3,1,6,485,5,1,5,,,,,0,0,0,0,0,0,0,0,0,0
486,2021-06-30,0.0,Arkansas,AS,3,2,6,486,5,2,5,,,,,0,0,0,0,0,0,0,0,0,0
487,2021-07-01,0.0,Arkansas,AS,3,3,7,487,1,3,1,,,,,0,0,0,0,0,0,0,0,0,0
488,2021-07-02,0.0,Arkansas,AS,3,4,7,488,1,4,1,,,,,0,0,0,0,0,0,0,0,0,0
489,2021-07-03,0.0,Arkansas,AS,3,5,7,489,1,5,1,,,,,0,0,0,0,0,0,0,0,0,0
490,2021-07-04,0.0,Arkansas,AS,3,6,7,490,1,6,1,,,,,0,0,0,0,0,0,0,0,0,0
491,2021-07-05,0.0,Arkansas,AS,3,0,7,491,1,0,1,,,,,0,0,0,0,0,0,0,0,0,0
492,2021-07-06,0.0,Arkansas,AS,3,1,7,492,1,1,1,,,,,0,0,0,0,0,0,0,0,0,0
493,2021-07-07,0.0,Arkansas,AS,3,2,7,493,2,2,2,,,,,0,0,0,0,0,0,0,0,0,0
494,2021-07-08,0.0,Arkansas,AS,3,3,7,494,2,3,2,,,,,0,0,0,0,0,0,0,0,0,0
495,2021-07-09,0.0,Arkansas,AS,3,4,7,495,2,4,2,,,,,0,0,0,0,0,0,0,0,0,0
496,2021-07-10,0.0,Arkansas,AS,3,5,7,496,2,5,2,,,,,0,0,0,0,0,0,0,0,0,0
497,2021-07-11,0.0,Arkansas,AS,3,6,7,497,2,6,2,,,,,0,0,0,0,0,0,0,0,0,0
498,2021-07-12,0.0,Arkansas,AS,3,0,7,498,2,0,2,,,,,0,0,0,0,0,0,0,0,0,0
499,2021-07-13,0.0,Arkansas,AS,3,1,7,499,2,1,2,,,,,0,0,0,0,0,0,0,0,0,0
500,2021-07-14,0.0,Arkansas,AS,3,2,7,500,3,2,3,,,,,0,0,0,0,0,0,0,0,0,0
501,2021-07-15,0.0,Arkansas,AS,3,3,7,501,3,3,3,,,,,0,0,0,0,0,0,0,0,0,0
502,2021-07-16,0.0,Arkansas,AS,3,4,7,502,3,4,3,,,,,0,0,0,0,0,0,0,0,0,0
503,2021-07-17,0.0,Arkansas,AS,3,5,7,503,3,5,3,,,,,0,0,0,0,0,0,0,0,0,0
504,2021-07-18,0.0,Arkansas,AS,3,6,7,504,3,6,3,,,,,0,0,0,0,0,0,0,0,0,0
505,2021-07-19,0.0,Arkansas,AS,3,0,7,505,3,0,3,,,,,0,0,0,0,0,0,0,0,0,0
506,2021-07-20,0.0,Arkansas,AS,3,1,7,506,3,1,3,,,,,0,0,0,0,0,0,0,0,0,0
507,2021-07-21,0.0,Arkansas,AS,3,2,7,507,4,2,4,,,,,0,0,0,0,0,0,0,0,0,0
508,2021-07-22,0.0,Arkansas,AS,3,3,7,508,4,3,4,,,,,0,0,0,0,0,0,0,0,0,0
509,2021-07-23,0.0,Arkansas,AS,3,4,7,509,4,4,4,,,,,0,0,0,0,0,0,0,0,0,0
510,2021-07-24,0.0,Arkansas,AS,3,5,7,510,4,5,4,,,,,0,0,0,0,0,0,0,0,0,0
511,2021-07-25,0.0,Arkansas,AS,3,6,7,511,4,6,4,,,,,0,0,0,0,0,0,0,0,0,0
512,2021-07-26,0.0,Arkansas,AS,3,0,7,512,4,0,4,,,,,0,0,0,0,0,0,0,0,0,0
513,2021-07-27,0.0,Arkansas,AS,3,1,7,513,4,1,4,,,,,0,0,0,0,0,0,0,0,0,0
514,2021-07-28,0.0,Arkansas,AS,3,2,7,514,5,2,5,,,,,0,0,0,0,0,0,0,0,0,0
515,2021-07-29,0.0,Arkansas,AS,3,3,7,515,5,3,5,,,,,0,0,0,0,0,0,0,0,0,0
516,2021-07-30,0.0,Arkansas,AS,3,4,7,516,5,4,5,,,,,0,0,0,0,0,0,0,0,0,0
517,2021-07-31,0.0,Arkansas,AS,3,5,7,517,5,5,5,,,,,0,0,0,0,0,0,0,0,0,0
518,2021-08-01,0.0,Arkansas,AS,3,6,8,518,1,6,1,,,,,0,0,0,0,0,0,0,0,0,0
519,2021-08-02,0.0,Arkansas,AS,3,0,8,519,1,0,1,,,,,0,0,0,0,0,0,0,0,0,0
520,2021-08-03,0.0,Arkansas,AS,3,1,8,520,1,1,1,,,,,0,0,0,0,0,0,0,0,0,0
521,2021-08-04,0.0,Arkansas,AS,3,2,8,521,1,2,1,,,,,0,0,0,0,0,0,0,0,0,0
522,2021-08-05,0.0,Arkansas,AS,3,3,8,522,1,3,1,,,,,0,0,0,0,0,0,0,0,0,0
523,2021-08-06,0.0,Arkansas,AS,3,4,8,523,1,4,1,,,,,0,0,0,0,0,0,0,0,0,0
524,2021-08-07,0.0,Arkansas,AS,3,5,8,524,2,5,2,,,,,0,0,0,0,0,0,0,0,0,0
525,2021-08-08,0.0,Arkansas,AS,3,6,8,525,2,6,2,,,,,0,0,0,0,0,0,0,0,0,0
526,2021-08-09,0.0,Arkansas,AS,3,0,8,526,2,0,2,,,,,0,0,0,0,0,0,0,0,0,0
527,2021-08-10,0.0,Arkansas,AS,3,1,8,527,2,1,2,,,,,0,0,0,0,0,0,0,0,0,0
528,2021-08-11,0.0,Arkansas,AS,3,2,8,528,2,2,2,,,,,0,0,0,0,0,0,0,0,0,0
529,2021-08-12,0.0,Arkansas,AS,3,3,8,529,2,3,2,,,,,0,0,0,0,0,0,0,0,0,0
530,2021-08-13,0.0,Arkansas,AS,3,4,8,530,2,4,2,,,,,0,0,0,0,0,0,0,0,0,0
531,2021-08-14,0.0,Arkansas,AS,3,5,8,531,3,5,3,,,,,0,0,0,0,0,0,0,0,0,0
532,2021-08-15,0.0,Arkansas,AS,3,6,8,532,3,6,3,,,,,0,0,0,0,0,0,0,0,0,0
533,2021-08-16,0.0,Arkansas,AS,3,0,8,533,3,0,3,,,,,0,0,0,0,0,0,0,0,0,0
534,2021-08-17,0.0,Arkansas,AS,3,1,8,534,3,1,3,,,,,0,0,0,0,0,0,0,0,0,0
535,2021-08-18,0.0,Arkansas,AS,3,2,8,535,3,2,3,,,,,0,0,0,0,0,0,0,0,0,0
536,2021-08-19,0.0,Arkansas,AS,3,3,8,536,3,3,3,,,,,0,0,0,0,0,0,0,0,0,0
537,2021-08-20,0.0,Arkansas,AS,3,4,8,537,3,4,3,,,,,0,0,0,0,0,0,0,0,0,0
538,2021-08-21,0.0,Arkansas,AS,3,5,8,538,4,5,4,,,,,0,0,0,0,0,0,0,0,0,0
539,2021-08-22,0.0,Arkansas,AS,3,6,8,539,4,6,4,,,,,0,0,0,0,0,0,0,0,0,0
540,2021-08-23,0.0,Arkansas,AS,3,0,8,540,4,0,4,,,,,0,0,0,0,0,0,0,0,0,0
541,2021-08-24,0.0,Arkansas,AS,3,1,8,541,4,1,4,,,,,0,0,0,0,0,0,0,0,0,0
542,2021-08-25,0.0,Arkansas,AS,3,2,8,542,4,2,4,,,,,0,0,0,0,0,0,0,0,0,0
543,2021-08-26,0.0,Arkansas,AS,3,3,8,543,4,3,4,,,,,0,0,0,0,0,0,0,0,0,0
544,2021-08-27,0.0,Arkansas,AS,3,4,8,544,4,4,4,,,,,0,0,0,0,0,0,0,0,0,0
545,2021-08-28,0.0,Arkansas,AS,3,5,8,545,5,5,5,,,,,0,0,0,0,0,0,0,0,0,0
546,2021-08-29,0.0,Arkansas,AS,3,6,8,546,5,6,5,,,,,0,0,0,0,0,0,0,0,0,0
547,2021-08-30,0.0,Arkansas,AS,3,0,8,547,5,0,5,,,,,0,0,0,0,0,0,0,0,0,0
548,2021-08-31,0.0,Arkansas,AS,3,1,8,548,5,1,5,,,,,0,0,0,0,0,0,0,0,0,0
549,2021-09-01,0.0,Arkansas,AS,3,2,9,549,1,2,1,,,,,0,0,0,0,0,0,0,0,0,0
550,2021-09-02,0.0,Arkansas,AS,3,3,9,550,1,3,1,,,,,0,0,0,0,0,0,0,0,0,0
551,2021-09-03,0.0,Arkansas,AS,3,4,9,551,1,4,1,,,,,0,0,0,0,0,0,0,0,0,0
552,2021-09-04,0.0,Arkansas,AS,3,5,9,552,1,5,1,,,,,0,0,0,0,0,0,0,0,0,0
553,2021-09-05,0.0,Arkansas,AS,3,6,9,553,1,6,1,,,,,0,0,0,0,0,0,0,0,0,0
554,2021-09-06,0.0,Arkansas,AS,3,0,9,554,1,0,1,,,,,0,0,0,0,0,0,0,0,0,0
555,2021-09-07,0.0,Arkansas,AS,3,1,9,555,2,1,2,,,,,0,0,0,0,0,0,0,0,0,0
556,2021-09-08,0.0,Arkansas,AS,3,2,9,556,2,2,2,,,,,0,0,0,0,0,0,0,0,0,0
557,2021-09-09,0.0,Arkansas,AS,3,3,9,557,2,3,2,,,,,0,0,0,0,0,0,0,0,0,0
558,2021-09-10,0.0,Arkansas,AS,3,4,9,558,2,4,2,,,,,0,0,0,0,0,0,0,0,0,0
559,2021-09-11,0.0,Arkansas,AS,3,5,9,559,2,5,2,,,,,0,0,0,0,0,0,0,0,0,0
560,2021-09-12,0.0,Arkansas,AS,3,6,9,560,2,6,2,,,,,0,0,0,0,0,0,0,0,0,0
561,2021-09-13,0.0,Arkansas,AS,3,0,9,561,2,0,2,,,,,0,0,0,0,0,0,0,0,0,0
562,2021-09-14,0.0,Arkansas,AS,3,1,9,562,3,1,3,,,,,0,0,0,0,0,0,0,0,0,0
563,2021-09-15,0.0,Arkansas,AS,3,2,9,563,3,2,3,,,,,0,0,0,0,0,0,0,0,0,0
564,2021-09-16,0.0,Arkansas,AS,3,3,9,564,3,3,3,,,,,0,0,0,0,0,0,0,0,0,0
565,2021-09-17,0.0,Arkansas,AS,3,4,9,565,3,4,3,,,,,0,0,0,0,0,0,0,0,0,0
566,2021-09-18,0.0,Arkansas,AS,3,5,9,566,3,5,3,,,,,0,0,0,0,0,0,0,0,0,0
567,2021-09-19,0.0,Arkansas,AS,3,6,9,567,3,6,3,,,,,0,0,0,0,0,0,0,0,0,0
568,2021-09-20,0.0,Arkansas,AS,3,0,9,568,3,0,3,,,,,0,0,0,0,0,0,0,0,0,0
569,2021-09-21,0.0,Arkansas,AS,3,1,9,569,4,1,4,,,,,0,0,0,0,0,0,0,0,0,0
570,2021-09-22,0.0,Arkansas,AS,3,2,9,570,4,2,4,,,,,0,0,0,0,0,0,0,0,0,0
571,2021-09-23,0.0,Arkansas,AS,3,3,9,571,4,3,4,,,,,0,0,0,0,0,0,0,0,0,0
572,2021-09-24,0.0,Arkansas,AS,3,4,9,572,4,4,4,,,,,0,0,0,0,0,0,0,0,0,0
573,2021-09-25,0.0,Arkansas,AS,3,5,9,573,4,5,4,,,,,0,0,0,0,0,0,0,0,0,0
574,2021-09-26,0.0,Arkansas,AS,3,6,9,574,4,6,4,,,,,0,0,0,0,0,0,0,0,0,0
575,2021-09-27,0.0,Arkansas,AS,3,0,9,575,4,0,4,,,,,0,0,0,0,0,0,0,0,0,0
576,2021-09-28,0.0,Arkansas,AS,3,1,9,576,5,1,5,,,,,0,0,0,0,0,0,0,0,0,0
577,2021-09-29,0.0,Arkansas,AS,3,2,9,577,5,2,5,,,,,0,0,0,0,0,0,0,0,0,0
578,2021-09-30,0.0,Arkansas,AS,3,3,9,578,5,3,5,,,,,0,0,0,0,0,0,0,0,0,0
579,2021-10-01,0.0,Arkansas,AS,3,4,10,579,1,4,1,,,,,0,0,0,0,0,0,0,0,0,0
580,2021-10-02,0.0,Arkansas,AS,3,5,10,580,1,5,1,,,,,0,0,0,0,0,0,0,0,0,0
581,2021-10-03,0.0,Arkansas,AS,3,6,10,581,1,6,1,,,,,0,0,0,0,0,0,0,0,0,0
582,2021-10-04,0.0,Arkansas,AS,3,0,10,582,1,0,1,,,,,0,0,0,0,0,0,0,0,0,0
583,2021-10-05,0.0,Arkansas,AS,3,1,10,583,1,1,1,,,,,0,0,0,0,0,0,0,0,0,0
584,2021-10-06,0.0,Arkansas,AS,3,2,10,584,1,2,1,,,,,0,0,0,0,0,0,0,0,0,0
585,2021-10-07,0.0,Arkansas,AS,3,3,10,585,2,3,2,,,,,0,0,0,0,0,0,0,0,0,0
586,2021-10-08,0.0,Arkansas,AS,3,4,10,586,2,4,2,,,,,0,0,0,0,0,0,0,0,0,0
587,2021-10-09,0.0,Arkansas,AS,3,5,10,587,2,5,2,,,,,0,0,0,0,0,0,0,0,0,0
588,2021-10-10,0.0,Arkansas,AS,3,6,10,588,2,6,2,,,,,0,0,0,0,0,0,0,0,0,0
589,2021-10-11,0.0,Arkansas,AS,3,0,10,589,2,0,2,,,,,0,0,0,0,0,0,0,0,0,0
590,2021-10-12,0.0,Arkansas,AS,3,1,10,590,2,1,2,,,,,0,0,0,0,0,0,0,0,0,0
591,2021-10-13,0.0,Arkansas,AS,3,2,10,591,2,2,2,,,,,0,0,0,0,0,0,0,0,0,0
592,2021-10-14,0.0,Arkansas,AS,3,3,10,592,3,3,3,,,,,0,0,0,0,0,0,0,0,0,0
593,2021-10-15,0.0,Arkansas,AS,3,4,10,593,3,4,3,,,,,0,0,0,0,0,0,0,0,0,0
594,2021-10-16,0.0,Arkansas,AS,3,5,10,594,3,5,3,,,,,0,0,0,0,0,0,0,0,0,0
595,2021-10-17,0.0,Arkansas,AS,3,6,10,595,3,6,3,,,,,0,0,0,0,0,0,0,0,0,0
596,2021-10-18,0.0,Arkansas,AS,3,0,10,596,3,0,3,,,,,0,0,0,0,0,0,0,0,0,0
597,2021-10-19,0.0,Arkansas,AS,3,1,10,597,3,1,3,,,,,0,0,0,0,0,0,0,0,0,0
598,2021-10-20,0.0,Arkansas,AS,3,2,10,598,3,2,3,,,,,0,0,0,0,0,0,0,0,0,0
599,2021-10-21,0.0,Arkansas,AS,3,3,10,599,4,3,4,,,,,0,0,0,0,0,0,0,0,0,0
600,2021-10-22,0.0,Arkansas,AS,3,4,10,600,4,4,4,,,,,0,0,0,0,0,0,0,0,0,0
601,2021-10-23,0.0,Arkansas,AS,3,5,10,601,4,5,4,,,,,0,0,0,0,0,0,0,0,0,0
602,2021-10-24,0.0,Arkansas,AS,3,6,10,602,4,6,4,,,,,0,0,0,0,0,0,0,0,0,0
603,2021-10-25,0.0,Arkansas,AS,3,0,10,603,4,0,4,,,,,0,0,0,0,0,0,0,0,0,0
604,2021-10-26,0.0,Arkansas,AS,3,1,10,604,4,1,4,,,,,0,0,0,0,0,0,0,0,0,0
605,2021-10-27,0.0,Arkansas,AS,3,2,10,605,4,2,4,,,,,0,0,0,0,0,0,0,0,0,0
606,2021-10-28,0.0,Arkansas,AS,3,3,10,606,5,3,5,,,,,0,0,0,0,0,0,0,0,0,0
607,2021-10-29,0.0,Arkansas,AS,3,4,10,607,5,4,5,,,,,0,0,0,0,0,0,0,0,0,0
608,2021-10-30,0.0,Arkansas,AS,3,5,10,608,5,5,5,,,,,0,0,0,0,0,0,0,0,0,0
609,2021-10-31,0.0,Arkansas,AS,3,6,10,609,5,6,5,,,,,0,0,0,0,0,0,0,0,0,0
610,2021-11-01,0.0,Arkansas,AS,3,0,11,610,1,0,1,,,,,0,0,0,0,0,0,0,0,0,0
611,2021-11-02,0.0,Arkansas,AS,3,1,11,611,1,1,1,,,,,0,0,0,0,0,0,0,0,0,0
612,2021-11-03,0.0,Arkansas,AS,3,2,11,612,1,2,1,,,,,0,0,0,0,0,0,0,0,0,0
613,2021-11-04,0.0,Arkansas,AS,3,3,11,613,1,3,1,,,,,0,0,0,0,0,0,0,0,0,0
614,2021-11-05,0.0,Arkansas,AS,3,4,11,614,1,4,1,,,,,0,0,0,0,0,0,0,0,0,0
615,2021-11-06,0.0,Arkansas,AS,3,5,11,615,1,5,1,,,,,0,0,0,0,0,0,0,0,0,0
616,2021-11-07,0.0,Arkansas,AS,3,6,11,616,2,6,2,,,,,0,0,0,0,0,0,0,0,0,0
617,2021-11-08,0.0,Arkansas,AS,3,0,11,617,2,0,2,,,,,0,0,0,0,0,0,0,0,0,0
618,2021-11-09,0.0,Arkansas,AS,3,1,11,618,2,1,2,,,,,0,0,0,0,0,0,0,0,0,0
619,2021-11-10,0.0,Arkansas,AS,3,2,11,619,2,2,2,,,,,0,0,0,0,0,0,0,0,0,0
620,2021-11-11,0.0,Arkansas,AS,3,3,11,620,2,3,2,,,,,0,0,0,0,0,0,0,0,0,0
621,2021-11-12,0.0,Arkansas,AS,3,4,11,621,2,4,2,,,,,0,0,0,0,0,0,0,0,0,0
622,2021-11-13,0.0,Arkansas,AS,3,5,11,622,2,5,2,,,,,0,0,0,0,0,0,0,0,0,0
623,2021-11-14,0.0,Arkansas,AS,3,6,11,623,3,6,3,,,,,0,0,0,0,0,0,0,0,0,0
624,2021-11-15,0.0,Arkansas,AS,3,0,11,624,3,0,3,,,,,0,0,0,0,0,0,0,0,0,0
625,2021-11-16,0.0,Arkansas,AS,3,1,11,625,3,1,3,,,,,0,0,0,0,0,0,0,0,0,0
626,2021-11-17,0.0,Arkansas,AS,3,2,11,626,3,2,3,,,,,0,0,0,0,0,0,0,0,0,0
627,2021-11-18,0.0,Arkansas,AS,3,3,11,627,3,3,3,,,,,0,0,0,0,0,0,0,0,0,0
628,2021-11-19,0.0,Arkansas,AS,3,4,11,628,3,4,3,,,,,0,0,0,0,0,0,0,0,0,0
629,2021-11-20,0.0,Arkansas,AS,3,5,11,629,3,5,3,,,,,0,0,0,0,0,0,0,0,0,0
630,2021-11-21,0.0,Arkansas,AS,3,6,11,630,4,6,4,,,,,0,0,0,0,0,0,0,0,0,0
631,2021-11-22,0.0,Arkansas,AS,3,0,11,631,4,0,4,,,,,0,0,0,0,0,0,0,0,0,0
632,2021-11-23,0.0,Arkansas,AS,3,1,11,632,4,1,4,,,,,0,0,0,0,0,0,0,0,0,0
633,2021-11-24,0.0,Arkansas,AS,3,2,11,633,4,2,4,,,,,0,0,0,0,0,0,0,0,0,0
634,2021-11-25,0.0,Arkansas,AS,3,3,11,634,4,3,4,,,,,0,0,0,0,0,0,0,0,0,0
635,2021-11-26,0.0,Arkansas,AS,3,4,11,635,4,4,4,,,,,0,0,0,0,0,0,0,0,0,0
636,2021-11-27,0.0,Arkansas,AS,3,5,11,636,4,5,4,,,,,0,0,0,0,0,0,0,0,0,0
637,2021-11-28,0.0,Arkansas,AS,3,6,11,637,5,6,5,,,,,0,0,0,0,0,0,0,0,0,0
638,2021-11-29,0.0,Arkansas,AS,3,0,11,638,5,0,5,,,,,0,0,0,0,0,0,0,0,0,0
639,2021-11-30,0.0,Arkansas,AS,3,1,11,639,5,1,5,,,,,0,0,0,0,0,0,0,0,0,0
640,2021-12-01,0.0,Arkansas,AS,3,2,12,640,1,2,1,,,,,0,0,0,0,0,0,0,0,0,0
641,2021-12-02,0.0,Arkansas,AS,3,3,12,641,1,3,1,,,,,0,0,0,0,0,0,0,0,0,0
642,2021-12-03,0.0,Arkansas,AS,3,4,12,642,1,4,1,,,,,0,0,0,0,0,0,0,0,0,0
643,2021-12-04,0.0,Arkansas,AS,3,5,12,643,1,5,1,,,,,0,0,0,0,0,0,0,0,0,0
644,2021-12-05,0.0,Arkansas,AS,3,6,12,644,1,6,1,,,,,0,0,0,0,0,0,0,0,0,0
645,2021-12-06,0.0,Arkansas,AS,3,0,12,645,1,0,1,,,,,0,0,0,0,0,0,0,0,0,0
646,2021-12-07,0.0,Arkansas,AS,3,1,12,646,2,1,2,,,,,0,0,0,0,0,0,0,0,0,0
647,2021-12-08,0.0,Arkansas,AS,3,2,12,647,2,2,2,,,,,0,0,0,0,0,0,0,0,0,0
648,2021-12-09,0.0,Arkansas,AS,3,3,12,648,2,3,2,,,,,0,0,0,0,0,0,0,0,0,0
649,2021-12-10,0.0,Arkansas,AS,3,4,12,649,2,4,2,,,,,0,0,0,0,0,0,0,0,0,0
650,2021-12-11,0.0,Arkansas,AS,3,5,12,650,2,5,2,,,,,0,0,0,0,0,0,0,0,0,0
651,2021-12-12,0.0,Arkansas,AS,3,6,12,651,2,6,2,,,,,0,0,0,0,0,0,0,0,0,0
652,2021-12-13,0.0,Arkansas,AS,3,0,12,652,2,0,2,,,,,0,0,0,0,0,0,0,0,0,0
653,2021-12-14,0.0,Arkansas,AS,3,1,12,653,3,1,3,,,,,0,0,0,0,0,0,0,0,0,0
654,2021-12-15,0.0,Arkansas,AS,3,2,12,654,3,2,3,,,,,0,0,0,0,0,0,0,0,0,0
655,2021-12-16,0.0,Arkansas,AS,3,3,12,655,3,3,3,,,,,0,0,0,0,0,0,0,0,0,0
656,2021-12-17,0.0,Arkansas,AS,3,4,12,656,3,4,3,,,,,0,0,0,0,0,0,0,0,0,0
657,2021-12-18,0.0,Arkansas,AS,3,5,12,657,3,5,3,,,,,0,0,0,0,0,0,0,0,0,0
658,2021-12-19,0.0,Arkansas,AS,3,6,12,658,3,6,3,,,,,0,0,0,0,0,0,0,0,0,0
659,2021-12-20,0.0,Arkansas,AS,3,0,12,659,3,0,3,,,,,0,0,0,0,0,0,0,0,0,0
660,2021-12-21,0.0,Arkansas,AS,3,1,12,660,4,1,4,,,,,0,0,0,0,0,0,0,0,0,0
661,2021-12-22,0.0,Arkansas,AS,3,2,12,661,4,2,4,,,,,0,0,0,0,0,0,0,0,0,0
662,2021-12-23,0.0,Arkansas,AS,3,3,12,662,4,3,4,,,,,0,0,0,0,0,0,0,0,0,0
663,2021-12-24,0.0,Arkansas,AS,3,4,12,663,4,4,4,,,,,0,0,0,0,0,0,0,0,0,0
664,2021-12-25,0.0,Arkansas,AS,3,5,12,664,4,5,4,,,,,0,0,0,0,0,0,0,0,0,0
665,2021-12-26,0.0,Arkansas,AS,3,6,12,665,4,6,4,,,,,0,0,0,0,0,0,0,0,0,0
666,2021-12-27,0.0,Arkansas,AS,3,0,12,666,4,0,4,,,,,0,0,0,0,0,0,0,0,0,0
667,2021-12-28,0.0,Arkansas,AS,3,1,12,667,5,1,5,,,,,0,0,0,0,0,0,0,0,0,0
668,2021-12-29,0.0,Arkansas,AS,3,2,12,668,5,2,5,,,,,0,0,0,0,0,0,0,0,0,0
669,2021-12-30,0.0,Arkansas,AS,3,3,12,669,5,3,5,,,,,0,0,0,0,0,0,0,0,0,0
670,2021-12-31,0.0,Arkansas,AS,3,4,12,670,5,4,5,,,,,0,0,0,0,0,0,0,0,0,0
671,2022-01-01,0.0,Arkansas,AS,3,5,1,671,1,5,1,,,,,0,0,0,0,0,0,0,0,0,0
672,2022-01-02,0.0,Arkansas,AS,3,6,1,672,1,6,1,,,,,0,0,0,0,0,0,0,0,0,0
673,2022-01-03,0.0,Arkansas,AS,3,0,1,673,1,0,1,,,,,0,0,0,0,0,0,0,0,0,0
674,2022-01-04,0.0,Arkansas,AS,3,1,1,674,1,1,1,,,,,0,0,0,0,0,0,0,0,0,0
675,2022-01-05,0.0,Arkansas,AS,3,2,1,675,1,2,1,,,,,0,0,0,0,0,0,0,0,0,0
676,2022-01-06,0.0,Arkansas,AS,3,3,1,676,1,3,1,,,,,0,0,0,0,0,0,0,0,0,0
677,2022-01-07,0.0,Arkansas,AS,3,4,1,677,2,4,2,,,,,0,0,0,0,0,0,0,0,0,0
678,2022-01-08,0.0,Arkansas,AS,3,5,1,678,2,5,2,,,,,0,0,0,0,0,0,0,0,0,0
679,2022-01-09,0.0,Arkansas,AS,3,6,1,679,2,6,2,,,,,0,0,0,0,0,0,0,0,0,0
680,2022-01-10,0.0,Arkansas,AS,3,0,1,680,2,0,2,,,,,0,0,0,0,0,0,0,0,0,0
681,2022-01-11,0.0,Arkansas,AS,3,1,1,681,2,1,2,,,,,0,0,0,0,0,0,0,0,0,0
682,2022-01-12,0.0,Arkansas,AS,3,2,1,682,2,2,2,,,,,0,0,0,0,0,0,0,0,0,0
683,2022-01-13,0.0,Arkansas,AS,3,3,1,683,2,3,2,,,,,0,0,0,0,0,0,0,0,0,0
684,2022-01-14,0.0,Arkansas,AS,3,4,1,684,3,4,3,,,,,0,0,0,0,0,0,0,0,0,0
685,2022-01-15,0.0,Arkansas,AS,3,5,1,685,3,5,3,,,,,0,0,0,0,0,0,0,0,0,0
686,2022-01-16,0.0,Arkansas,AS,3,6,1,686,3,6,3,,,,,0,0,0,0,0,0,0,0,0,0
687,2022-01-17,0.0,Arkansas,AS,3,0,1,687,3,0,3,,,,,0,0,0,0,0,0,0,0,0,0
688,2022-01-18,0.0,Arkansas,AS,3,1,1,688,3,1,3,,,,,0,0,0,0,0,0,0,0,0,0
689,2022-01-19,0.0,Arkansas,AS,3,2,1,689,3,2,3,,,,,0,0,0,0,0,0,0,0,0,0
690,2022-01-20,0.0,Arkansas,AS,3,3,1,690,3,3,3,,,,,0,0,0,0,0,0,0,0,0,0
691,2022-01-21,0.0,Arkansas,AS,3,4,1,691,4,4,4,,,,,0,0,0,0,0,0,0,0,0,0
692,2022-01-22,0.0,Arkansas,AS,3,5,1,692,4,5,4,,,,,0,0,0,0,0,0,0,0,0,0
693,2022-01-23,0.0,Arkansas,AS,3,6,1,693,4,6,4,,,,,0,0,0,0,0,0,0,0,0,0
694,2022-01-24,0.0,Arkansas,AS,3,0,1,694,4,0,4,,,,,0,0,0,0,0,0,0,0,0,0
695,2022-01-25,0.0,Arkansas,AS,3,1,1,695,4,1,4,,,,,0,0,0,0,0,0,0,0,0,0
696,2022-01-26,0.0,Arkansas,AS,3,2,1,696,4,2,4,,,,,0,0,0,0,0,0,0,0,0,0
697,2022-01-27,0.0,Arkansas,AS,3,3,1,697,4,3,4,,,,,0,0,0,0,0,0,0,0,0,0
698,2022-01-28,0.0,Arkansas,AS,3,4,1,698,5,4,5,,,,,0,0,0,0,0,0,0,0,0,0
699,2022-01-29,0.0,Arkansas,AS,3,5,1,699,5,5,5,,,,,0,0,0,0,0,0,0,0,0,0
700,2022-01-30,0.0,Arkansas,AS,3,6,1,700,5,6,5,,,,,0,0,0,0,0,0,0,0,0,0
701,2022-01-31,0.0,Arkansas,AS,3,0,1,701,5,0,5,,,,,0,0,0,0,0,0,0,0,0,0
702,2022-02-01,0.0,Arkansas,AS,3,1,2,702,1,1,1,,,,,0,0,0,0,0,0,0,0,0,0
703,2022-02-02,0.0,Arkansas,AS,3,2,2,703,1,2,1,,,,,0,0,0,0,0,0,0,0,0,0
704,2022-02-03,0.0,Arkansas,AS,3,3,2,704,1,3,1,,,,,0,0,0,0,0,0,0,0,0,0
705,2022-02-04,0.0,Arkansas,AS,3,4,2,705,1,4,1,,,,,0,0,0,0,0,0,0,0,0,0
706,2022-02-05,0.0,Arkansas,AS,3,5,2,706,1,5,1,,,,,0,0,0,0,0,0,0,0,0,0
707,2022-02-06,0.0,Arkansas,AS,3,6,2,707,1,6,1,,,,,0,0,0,0,0,0,0,0,0,0
708,2022-02-07,0.0,Arkansas,AS,3,0,2,708,2,0,2,,,,,0,0,0,0,0,0,0,0,0,0
709,2022-02-08,0.0,Arkansas,AS,3,1,2,709,2,1,2,,,,,0,0,0,0,0,0,0,0,0,0
710,2022-02-09,0.0,Arkansas,AS,3,2,2,710,2,2,2,,,,,0,0,0,0,0,0,0,0,0,0
711,2022-02-10,0.0,Arkansas,AS,3,3,2,711,2,3,2,,,,,0,0,0,0,0,0,0,0,0,0
712,2022-02-11,0.0,Arkansas,AS,3,4,2,712,2,4,2,,,,,0,0,0,0,0,0,0,0,0,0
713,2022-02-12,0.0,Arkansas,AS,3,5,2,713,2,5,2,,,,,0,0,0,0,0,0,0,0,0,0
714,2022-02-13,0.0,Arkansas,AS,3,6,2,714,2,6,2,,,,,0,0,0,0,0,0,0,0,0,0
715,2022-02-14,0.0,Arkansas,AS,3,0,2,715,3,0,3,,,,,0,0,0,0,0,0,0,0,0,0
716,2022-02-15,0.0,Arkansas,AS,3,1,2,716,3,1,3,,,,,0,0,0,0,0,0,0,0,0,0
717,2022-02-16,0.0,Arkansas,AS,3,2,2,717,3,2,3,,,,,0,0,0,0,0,0,0,0,0,0
718,2022-02-17,0.0,Arkansas,AS,3,3,2,718,3,3,3,,,,,0,0,0,0,0,0,0,0,0,0
719,2022-02-18,0.0,Arkansas,AS,3,4,2,719,3,4,3,,,,,0,0,0,0,0,0,0,0,0,0
720,2022-02-19,0.0,Arkansas,AS,3,5,2,720,3,5,3,,,,,0,0,0,0,0,0,0,0,0,0
721,2022-02-20,0.0,Arkansas,AS,3,6,2,721,3,6,3,,,,,0,0,0,0,0,0,0,0,0,0
722,2022-02-21,0.0,Arkansas,AS,3,0,2,722,4,0,4,,,,,0,0,0,0,0,0,0,0,0,0
723,2022-02-22,0.0,Arkansas,AS,3,1,2,723,4,1,4,,,,,0,0,0,0,0,0,0,0,0,0
724,2022-02-23,0.0,Arkansas,AS,3,2,2,724,4,2,4,,,,,0,0,0,0,0,0,0,0,0,0
725,2022-02-24,0.0,Arkansas,AS,3,3,2,725,4,3,4,,,,,0,0,0,0,0,0,0,0,0,0
726,2022-02-25,0.0,Arkansas,AS,3,4,2,726,4,4,4,,,,,0,0,0,0,0,0,0,0,0,0
727,2022-02-26,0.0,Arkansas,AS,3,5,2,727,4,5,4,,,,,0,0,0,0,0,0,0,0,0,0
728,2022-02-27,0.0,Arkansas,AS,3,6,2,728,4,6,4,,,,,0,0,0,0,0,0,0,0,0,0
729,2022-02-28,0.0,Arkansas,AS,3,0,2,729,5,0,5,,,,,0,0,0,0,0,0,0,0,0,0
730,2022-03-01,0.0,Arkansas,AS,3,1,3,730,1,1,1,,,,,0,0,0,0,0,0,0,0,0,0
